5000,1000,0.9,0,1000.0,1.0
0.01584932773114534,0.9968101091696391,0.029191923092125233,0.9936419665259468
0.33104276655578063,0.8160831136888667,0.32192600533098714,0.8647715415242114
0.5112038216376035,0.7215867163257872,0.4773390907728227,0.7885383651148495
0.6165152755013934,0.6490055505353042,0.5725280469006493,0.7356656591026629
0.7028988210547588,0.5948942001320863,0.652649728495282,0.698774208392344
0.7552532841165156,0.5616266902119578,0.7038377254616145,0.6776229650133161
0.796012818090618,0.5273271875182483,0.7444401556788693,0.6599540331784766
0.8205047606071203,0.49275732867302324,0.7761014192005061,0.6289575907462892
0.845518636295069,0.47831864433065,0.7940634814954781,0.6265399670654367
0.8677779873165233,0.4451942561140206,0.8056529895754535,0.6080922313184759
0.8773643834624001,0.4207105076859,0.8178707761815207,0.5951882915124146
0.8841795052262407,0.3961812227008827,0.8150579595257669,0.573606819047331
0.894306956076815,0.3791372149332976,0.8239456708031637,0.5695547483304543
0.905178306462175,0.3679307902345125,0.8281552585861115,0.5614155106915463
0.904648666369111,0.35827562859568396,0.8281567019292942,0.5545538871362217
0.9047338156878403,0.34729962504378453,0.8265737167514228,0.5534852381523235
0.9076181214849014,0.3377417400846354,0.8281291280932448,0.5466570546729488
0.9165758358219599,0.33052543093007136,0.8311245759100566,0.5467565296583794
0.9242374743070135,0.32125949460331493,0.8417240449030292,0.5387045137772937
0.926456698730947,0.3068634187031405,0.8477849207849806,0.521564768267547
0.937898859802831,0.2959494966826481,0.8545583917806588,0.5146893846145455
0.9412026434797848,0.28896290010925907,0.8583970259148158,0.5111997168456623
0.9479831985445739,0.28417552104163124,0.8585538335558452,0.5070173680512546
0.9458606526620758,0.28485003695640854,0.8510638493778165,0.5090854225415843
0.9535587870639162,0.2820486925236732,0.8788315996434756,0.5059435405345176
0.9537252377782462,0.2773938323360451,0.8663657881599792,0.5062950096237724
0.9521862223031712,0.26725480022461706,0.8553299862095122,0.48495105655375004
0.9483446564595164,0.26220437762958176,0.8412814233436464,0.4791953933308282
0.9475439977574737,0.25613814467362883,0.8381951019951289,0.47789274783559416
0.9441619840039445,0.25336292714052727,0.8323808437705397,0.48670437133809824
0.9466183421841718,0.2549810475783225,0.8300733615612462,0.4838557301316123
0.9549575227092413,0.25218607348298727,0.8320569681127988,0.48808303037846634
0.9521688158057665,0.2474027829801779,0.8283193635731031,0.4855363325038784
0.9493005667393065,0.24702262355882876,0.8343483896391319,0.4819421505481775
0.9483211465218668,0.24177473458204943,0.8357197696947409,0.48028922792371465
0.9558515087933797,0.23737127234566585,0.8422508952711157,0.4811051194316465
0.9577377252885267,0.23565353792816832,0.8539655725217673,0.4745551889077416
0.9565689456958684,0.22958903115327653,0.8505453234242137,0.47565658698036634
0.957238398669416,0.2250912594160013,0.8503959170304813,0.4730573626056036
0.9571963443493164,0.21975821467772447,0.8463372744796456,0.4682114823243049
0.961397089434935,0.21688671365003603,0.8466981753767036,0.4722027658119102
0.9652424235470447,0.21311857483082983,0.8527159888935465,0.46693483121222273
0.9667588909480499,0.2083364244260739,0.8611967595371912,0.46709916121442235
0.9616392383303253,0.20596725020154638,0.8676592086003094,0.4633875873561483
0.9606336764393978,0.2059295634529853,0.8674771294491402,0.4645571964814851
0.9594073825885487,0.20310071619913295,0.8611738534960932,0.4692312681456899
0.9632643633405024,0.20265390636129665,0.8617883099884326,0.47370703009761994
0.9656488021703266,0.20084746128989864,0.8732026940781998,0.46655969628878485
0.9674462571229553,0.19739087304326258,0.8735215802713501,0.46208189978925895
0.9690586652817448,0.19827151146160482,0.8776957757313602,0.46962224130141006
0.9728205975174918,0.19873756104781448,0.886986599840778,0.4655166141469008
0.9737040678430403,0.197723131351644,0.8889361448432199,0.46823870232678216
0.9732059336748192,0.1963494049860596,0.8790566018142872,0.470040348074221
0.9765366708422707,0.19531122739959975,0.876431868771599,0.4458440188547784
0.9767852370611759,0.1928497007546259,0.8805954603672796,0.43608059910084845
0.975322364308,0.19536669512643615,0.87387453260927,0.44420669637535704
0.9756001761093724,0.19730005808606188,0.8751175141091259,0.45222993288401836
0.9751213492672414,0.19328750706624254,0.8781739482017671,0.4469641498915435
0.9746512885939687,0.19652037375366235,0.8782687058339623,0.44823606041065506
0.9692910560562035,0.19521709670190954,0.8682585196505079,0.44260835197659937
0.9625493474667884,0.19578522104460078,0.8650226712107131,0.45195233503894056
0.9616446914145208,0.19334307255188624,0.8667180305837395,0.4626924616073499
0.9616040340297264,0.1900410206314973,0.8600737101570186,0.46347516029982444
0.9582167352556807,0.1852158581864871,0.8574552600110377,0.46446700936029
0.9555480421444558,0.18298478320341283,0.8451311639566993,0.4670731317721308
0.9612850180335459,0.18190823352977467,0.8555570176966996,0.46997400257597205
0.9609253382837127,0.18041823629656908,0.8541222108650989,0.4694690914728063
0.961564146107544,0.17932473827830445,0.855098137595829,0.4680975921150158
0.9651833166575589,0.1776205436706776,0.8483282612964271,0.46698442438370413
0.9664461795293929,0.1764785399101425,0.8555025980565055,0.4568725198288173
0.9688329483042133,0.17474940699997443,0.8560049133790144,0.45913398227523816
0.9731092483369416,0.17542018677379864,0.8631144206165745,0.46312111211179047
0.9726532056879067,0.17583778127931263,0.8820311170924613,0.45950208996693676
0.9714446384047549,0.17571016167866738,0.8789822990237389,0.46492143685705206
0.9769848359406855,0.17725258562897417,0.8831227432620615,0.4600303096069807
0.9795324107504857,0.17613980939912252,0.8804869957291251,0.4585362215879413
0.9824485975061187,0.1761164796756008,0.8844139025654587,0.4550183207088796
0.9798746291633615,0.1783332501460882,0.878406128006043,0.4605624713825839
0.9803886196095393,0.17984797452403598,0.8776572803703387,0.446443310429827
0.9803601440613907,0.17757480469121179,0.8856648899763648,0.4545850976723251
0.9825183586757008,0.17643522359010202,0.8700007708268458,0.4497019111999946
0.98190127674152,0.17644056266744235,0.8717744996664165,0.43536239337806987
0.9767985591227977,0.17591600035673066,0.8681778902556807,0.43826767240284326
0.9758180528627115,0.17310569753439298,0.8642997410988941,0.4276751507446771
0.9749207693206586,0.17299542654875485,0.8600218747110644,0.4275525822946629
0.9771941532389139,0.1714949810474056,0.8595209155687454,0.4286609545116836
0.9748137000077223,0.16971457658824454,0.8394723772308105,0.43157205507875435
0.9791723027224167,0.1673535201214184,0.8426476468077057,0.42591422819667574
0.9797848267158817,0.16627652148900127,0.846064798109679,0.43102783589525046
0.9833743841949923,0.1674468015356941,0.8474359656550785,0.4240934625422571
0.9798313406584608,0.16638370545366987,0.8371984480755625,0.4281656078304036
0.98384861426465,0.16486395311412158,0.8345872723846566,0.432947526524027
0.9801854927203851,0.16385210879873552,0.8385011477221855,0.4350418298117466
0.9793593226125821,0.1638143416143247,0.8382357361008967,0.43490360975361936
0.9798119405140784,0.16413145293596126,0.8339441731555549,0.44665405279555587
0.9798154971152919,0.16244550859408172,0.8259442798146103,0.45407149742847014
0.9781112187958623,0.16284364152768543,0.8341653349097294,0.4534406050075177
0.977902940856617,0.1615865761648742,0.8235093165807157,0.45005857250083975
0.9702902877691831,0.16004110768784557,0.8140236734595906,0.46520449603897807
0.968853508970029,0.15753617669732828,0.8075280553306696,0.4591609863054882
0.9682197801550281,0.1582858218997215,0.8060027874158205,0.46136690378744843
0.9661148448543773,0.15787235391166454,0.7962119810643126,0.46736232643286757
0.9650294251128493,0.1555319720214806,0.8003691324675084,0.4598981763358538
0.9667430122582248,0.1547477508733801,0.7914170551379855,0.47275075563657065
0.9654577974191043,0.15283022435204083,0.7931807478393857,0.47104990124934965
0.9635315373636644,0.15059814218883535,0.7912519094467915,0.46714183361343836
0.966630351839374,0.15037598398818527,0.7829924824978237,0.46873582511471895
0.963585366906062,0.14948336137799992,0.7819147944831389,0.46118914291319196
0.963927110121632,0.14870061616236807,0.7797724804843765,0.4566319410941963
0.9642829786080932,0.14834887632075078,0.7816843559242593,0.4525534376224933
0.967331210281205,0.14796541654617687,0.7831378517312079,0.44239887212965906
0.9677587574225106,0.148704793488224,0.7663268757969331,0.450842024074369
0.9728053864867879,0.14888999854800214,0.7820534512441609,0.43582839320670996
0.9732633266397225,0.14811673126313704,0.7719873686990546,0.44004780887299055
0.9725278772660008,0.14645064653087425,0.7696714518015788,0.44228259892730826
0.9678418553816642,0.14683808505580928,0.7740176246667902,0.4422502805646145
0.965274554090785,0.1454431694934482,0.7621170948598126,0.45476407001315045
0.9611755012019412,0.14468115097682532,0.7681537598287798,0.45279387294326573
0.9614969620195983,0.14616081244633594,0.7682519618174679,0.45717072208758275
0.9616061524332463,0.1471535192707127,0.7669325566604832,0.46359054997065985
0.959726928946033,0.14603007118347175,0.7686711710336716,0.4611045578302106
0.9569700873428887,0.14611606964454565,0.7742797581776603,0.46841871649538697
0.9582722066966284,0.14547249982737484,0.777946680412307,0.46641000106218167
0.9578940613187726,0.14579387970244442,0.7855134756364563,0.45796835531855656
0.9613184948938335,0.14773675911674047,0.7943931869552817,0.4523167353668103
0.9642539635981848,0.1479838034370881,0.7987633671597774,0.4542617370320676
0.9647665045954337,0.1477970371624652,0.8070718434597236,0.45249452762748266
0.9670737498384938,0.14649021629486797,0.8146956552460857,0.4516767547968413
0.9694133048798891,0.14923059757870166,0.8215670890279207,0.4340277978488502
0.9692746570834181,0.14881382230510412,0.8113485259108222,0.43908495188606583
0.968181932032463,0.1488999931568782,0.8067521048379,0.4357880941739047
0.9661556716333795,0.14783211505073462,0.8089914900622465,0.44731870076785524
0.9664637312145556,0.14544580432362217,0.8057600597721446,0.4444189760853033
0.9696929046407414,0.14713043289274272,0.8138315026789571,0.42841671926464364
0.9689262955424106,0.14657254481678164,0.8228692253779194,0.4183887894304628
0.9675494628319986,0.14553179884846182,0.8186153088299534,0.42934005594478525
0.9663220815042556,0.14500141086050192,0.818434921010618,0.41843045209724744
0.9652484896370094,0.1479864822446861,0.8293606950821244,0.4184893416150001
0.9632092313265963,0.14759257303292475,0.8273247525546255,0.4212198520492797
0.9671829726791265,0.14783969285072798,0.838862347303149,0.41942287280757823
0.9706532587272857,0.14663485542842597,0.8294361837915967,0.43111860975378496
0.9734610784978924,0.14645449447427322,0.831340968985929,0.4288288081044296
0.9735887166101087,0.14534802173066372,0.8360079728560037,0.4307088406173877
0.9756810552015679,0.14357274735330594,0.8496058122795345,0.41617166118408194
0.977321641670881,0.14101905175991494,0.8492613007144404,0.41712610044054466
0.9763654167847066,0.14253564551576464,0.8534459642354084,0.41883657872416974
0.97565475224546,0.1426777874977383,0.8479674682038534,0.4289205089023312
0.9766459681798922,0.14079812946470835,0.8493837103809642,0.42446104075210417
0.974682861705816,0.13874772889131864,0.8562072042946258,0.4294905859438918
0.9691665694694097,0.13802948977881568,0.857447926551166,0.43240408294445287
0.9711031123522871,0.13853642205519573,0.8571650002354265,0.4290617808741548
0.9696503052931504,0.13634867459018615,0.8546252746311478,0.4223111737997895
0.9633530228092417,0.1328160307575101,0.8455039746594072,0.4323665106431516
0.959802058921671,0.13152866527537443,0.8408745398362968,0.43377129394740654
0.9590873477805795,0.1305651600345191,0.8220982572978642,0.4358305250863164
0.9599847393776659,0.13117427277143348,0.8333579238317336,0.41964197618810567
0.9576415862164996,0.1280097418370686,0.8250714889706913,0.41197255072621514
0.9524682730641565,0.12460507024950694,0.8148138278754267,0.42449521103738613
0.9489687184930593,0.12174234063505723,0.8184304368199625,0.43134902213199766
0.9463515973127853,0.1193973902945092,0.8162310103154218,0.4313211958968288
0.9470264257727842,0.11863315545591831,0.8104381902251322,0.43437473858928444
0.950371331117378,0.11825684556861607,0.8121039925171761,0.4346478695053585
0.9513827791864081,0.1163978338886265,0.8043903319281268,0.4387189325108635
0.9529926345409307,0.11873294417174264,0.8135246486348644,0.4267017587273354
0.952431085002413,0.11823210399168331,0.8208138630107256,0.4301041641372233
0.9551358711645015,0.11793105076056869,0.8304377607867452,0.42394972729051295
0.9561477166810369,0.11777923918975168,0.8274511463728792,0.42215169337995834
0.9568745067461597,0.11796090873122284,0.8290552188202882,0.40919306357382745
0.9543388117286817,0.1173847099852533,0.8362639123978939,0.39718725873987787
0.9566269650558282,0.11647187317130475,0.8352298753041976,0.3718448289825657
0.9571853175202752,0.11512885552602246,0.8327733541243686,0.37236421029268085
0.9580300263932624,0.1153922574296557,0.8471768233660756,0.3596794312983283
0.9555911777955837,0.11727217815033833,0.8516117000552779,0.3510830716836216
0.9562141869412383,0.11620921904365475,0.855689496458183,0.3529482162599131
0.9575133348487903,0.11767186016542433,0.8645776965932271,0.3488070882103988
0.9556839634221135,0.11862645982157714,0.8670961577392965,0.34647050483453196
0.9548435269663732,0.1175014337127311,0.8684619327846523,0.34515240042260875
0.9533511106983679,0.11503873347660082,0.871604178540544,0.3403686556271396
0.9537355783664647,0.11350749713856598,0.8700785753272101,0.3409422878628464
0.9518199962756833,0.11224251718558396,0.8758379035289942,0.33652586947628377
0.9527863843895359,0.11220658825450129,0.8769285073146122,0.329917207597926
0.9553103076437123,0.11276393573397996,0.877837615860101,0.3316196697988908
0.9559892119428736,0.11362185434305311,0.8916972844187537,0.32805253965705744
0.9560118552485943,0.11404872003866376,0.8972467745641796,0.3200622653276618
0.9551004848362169,0.11444714539785249,0.8973531203741247,0.31518917417989817
0.9550327474351845,0.11401959092243125,0.9020802326580826,0.309161244205018
0.9535920837296393,0.11442709660691824,0.9048209564799102,0.30984386545279813
0.9528857496547356,0.1137498153911415,0.911965902520224,0.2983381301657316
0.9517807651865086,0.11198908592654803,0.9203552679037275,0.3036009778709176
0.9517264035596942,0.1120644701453156,0.9191654607236045,0.29941260836919115
0.9513083137195552,0.11083666779460684,0.9171613705365624,0.3022173330132012
0.9490825157282994,0.11055033771341206,0.9156187555230303,0.2995571105497441
0.9468287533882407,0.10861710229130601,0.9190525126570319,0.3042276000130059
0.9477484806023947,0.10769737040954182,0.9235513015682398,0.3051585707173762
0.9483934230931068,0.10937856268871345,0.9250475752296236,0.30017338564303037
0.9496513695341944,0.10891030872028566,0.9269508560634732,0.2924722748574534
0.9490062030380908,0.10815038303570823,0.9286981018109418,0.2887212597401888
0.9507021622467753,0.10955949728317818,0.9282094457656558,0.2875981476367172
0.9484707853228463,0.10956212876400163,0.9242643952825369,0.28734459369998183
0.9486962560418715,0.10865415108832209,0.9214968918877734,0.2909438782266212
0.950835997375743,0.10774214032878461,0.9239590377730157,0.2930757469836096
0.9534679044553385,0.10770779243135298,0.9238212601880401,0.2929786937402506
0.9546542514963557,0.10839114699412625,0.9213970222475731,0.2927776124463893
0.9552727723155076,0.10997304685954379,0.9255202891762938,0.28893346555891114
0.9550845499807965,0.11025396164432777,0.9232909890506861,0.2928033973661182
0.9580016865949443,0.10988706957421182,0.9171749117334963,0.2888639330896393
0.9569962164105466,0.10856516247736246,0.9188531363183494,0.2926789138636387
0.9558660806379466,0.10910650336126772,0.9168590975012888,0.2929972247477899
0.9564443798302696,0.10894763507834328,0.9095831183845021,0.2908567435254879
0.9551543327989274,0.10664127649438429,0.9070945806380776,0.28563420145049345
0.9565564627897929,0.10789733394858862,0.8998755994116449,0.28438806096492075
0.9598907050972677,0.10690709834898271,0.9003097426983441,0.28673273881294
0.9578267356523691,0.1071257889385189,0.905560446656213,0.2859029804411657
0.9586302247800244,0.10500959462193586,0.9118725552662846,0.28395834934699477
0.9558748053036281,0.1032129805850919,0.9150866476785022,0.2789819965428525
0.9562164076746003,0.10134556116670383,0.9148785620440824,0.2850546795588384
0.9559880347927421,0.10021540787890937,0.9149893216796289,0.2857417368876199
0.9527322045682395,0.09877820633308003,0.9132466277969584,0.28095492704469804
0.9523738853448174,0.09897531733385477,0.916892176111164,0.27982691125882525
0.9524464393601875,0.09748556612221987,0.9047174694285659,0.28415473562580107
0.9507222540876202,0.09770860833365355,0.9001235564653781,0.2874151133125125
0.9507148550661235,0.09873557586426018,0.9054901821479334,0.28417477033865884
0.9514658719531797,0.0991569554819357,0.9056961527878531,0.28322581239304057
0.9528198905434445,0.09727841785627257,0.903604137655542,0.2813740663779981
0.9527447776553903,0.09415760956912991,0.9022620556211063,0.278773849782775
0.951852318718173,0.09491236829483182,0.9109730325077294,0.27631565698122074
0.9497445662939059,0.09396400429663679,0.9129990081846936,0.2793244737804429
0.9489882503864963,0.09343519327181299,0.908514414804332,0.2833328792153615
0.9466209505533086,0.09124592829763625,0.9058689749242174,0.2870655208051862
0.9463073906680777,0.0891890356805926,0.9130771101185489,0.29036601767753845
0.9454664155068353,0.08843983760623517,0.9147890004489305,0.28598924582587637
0.9445160245384252,0.08848446132418739,0.9185011757850537,0.2890345279354646
0.9436761384440002,0.0883974678296304,0.9160929834562624,0.2908212071589129
0.9424031078916685,0.08694415282247023,0.9086694892202075,0.29389990656549403
0.9406487031598885,0.08490480501056855,0.9037583114077533,0.2998017628112305
0.9411838811059527,0.08359871918217149,0.9127918971375096,0.2968990004436613
0.9411095137314937,0.08452730642020048,0.9168172268429112,0.29572273628148277
0.9407618325858992,0.08291573708293194,0.9068631200373122,0.29787163853725335
0.9406246864936791,0.08330463157711285,0.9055433548187335,0.30066207146229373
0.9435364713408136,0.08249668091579343,0.904536102613201,0.3021590409853274
0.9450980897393707,0.08227123012577293,0.9024104604322274,0.29527217894409064
0.9445927991389642,0.08035705966791921,0.8917237689779035,0.29682495710395423
0.9453984725633587,0.082531595174281,0.8943570388581157,0.2929409045066072
0.9464277785902472,0.08142429830629633,0.9040769671168409,0.287273963273093
0.9458452651316195,0.08102771902280048,0.9048146461924415,0.28902985616456855
0.9450058555807617,0.08169630825059748,0.9111444556952649,0.2837627191811327
0.9431653764402416,0.08163872901914224,0.9056654954554196,0.2804680812206821
0.9436869242217611,0.08015671993075893,0.9049791465374577,0.2815852743806305
0.9425613848741581,0.07886767591898264,0.8994844168088002,0.28340104115747317
0.9413427409139007,0.08019737377828816,0.9029199913333272,0.2831838820250666
0.9408106034750463,0.08040409240829971,0.9059852176080416,0.2789295864268273
0.9383268801788271,0.07972810727987588,0.9080612127911325,0.2801330391396127
0.9372761671160981,0.07830130056310236,0.9072487361914942,0.28289204844094024
0.939094613488231,0.07817729245031915,0.895313952299817,0.28566549246902795
0.9399858410238495,0.07847810554950593,0.8908673207644715,0.288517815868604
0.9405869615969507,0.07792914670137795,0.8868645954941545,0.2882716531747295
0.9390213739772627,0.07795533828210473,0.8922877581294715,0.28654676634573534
0.9387194810089615,0.07678075663676968,0.8938930244608259,0.28619562118010794
0.9391101590337123,0.07675711333268224,0.8882149990593446,0.2842901139417805
0.9386715534813187,0.07537601396451725,0.8953830794996509,0.2806124331684261
0.9381516826934104,0.0750590149842943,0.893616972304791,0.2813635749212822
0.9380913110814929,0.07610396159502504,0.8958329175795323,0.28053876972882236
0.9378070445366798,0.07534986862534397,0.8970439772758444,0.27957987480267726
0.937141699207443,0.07419923777188825,0.8932497991034773,0.2822577465710352
0.9379700890483269,0.07358368329572694,0.8934660755944375,0.28347639717877143
0.9389189798502579,0.07399145952240697,0.8946865365374148,0.28546411342838124
0.9403917877301262,0.07580616613133799,0.8958619474406346,0.28179036537042595
0.9381348461807938,0.07547786969424956,0.8997844879945663,0.28449238334378724
0.9361561673643464,0.07577074033263212,0.8967771338739702,0.2901667311667078
0.9368020126732126,0.07786678908747685,0.8986095220523446,0.2922910150628905
0.9376751824513242,0.07734090677324373,0.9058656072018508,0.29461421337115573
0.9365062208697446,0.07705705636182474,0.9057602628743976,0.2966953240669652
0.9359112309628578,0.07803261950772089,0.8990367937075915,0.29773026160576094
0.9339326709537716,0.07777628214377141,0.8980377186429603,0.29947890921601233
0.935758116337837,0.07732022668838248,0.8989780195370538,0.29309009825796156
0.9368020043318942,0.07718377156018043,0.8964281990624963,0.28594427158241303
0.9375882317582657,0.07517631187181031,0.8891894279490862,0.2908333404830885
0.9364290029227159,0.07431739656693762,0.889948707259442,0.2912651042263789
0.9363752138319116,0.07365663219952444,0.8877761341307358,0.29335781757854235
0.9357774018435863,0.07326600117088689,0.8959850653215718,0.291193134655443
0.9368750692095921,0.07402148275475066,0.8946789117872348,0.2883080261948768
0.9377948212923874,0.0739427363276412,0.8973232398545231,0.2795088741847432
0.9373806895637383,0.07245280201669911,0.8945687808888452,0.2839836888947961
0.9393529730652094,0.07320052900432598,0.8900923271825469,0.28559470401553666
0.9403142423306686,0.07257412190509323,0.8850250646744536,0.2848501721993514
0.9399704981122139,0.07218845360521263,0.8933357263913866,0.2829465139136386
0.9402657283171532,0.07351765278044581,0.8921087685986803,0.2818456433079687
0.9389438815831658,0.0736794331677884,0.8955096539241154,0.28038276145843455
0.9381778877540397,0.0737120756471057,0.8947924944703043,0.28271555914951835
0.938149584132772,0.07264635687681872,0.8931770229289717,0.28588713438878344
0.9385422478813827,0.07353783308559403,0.8993517337198049,0.285469077015435
0.9404166229155675,0.07295345508821567,0.8972136021819795,0.279412600260869
0.9399786672529604,0.07366235641201316,0.8997035206463463,0.2820360456595017
0.9402409727164545,0.07324277936323689,0.9016294113309632,0.2817062765142723
0.938140114734294,0.0721832218751878,0.9048278769231863,0.2806746022028407
0.937114054031987,0.07032847133937095,0.9060833596864614,0.282070225424051
0.9361718993499799,0.06868219832442457,0.9082107974362829,0.28158072958335384
0.9358364157269227,0.06821189731430166,0.9066677523350765,0.2786254520143303
0.9356904657236375,0.06804601632746399,0.9050283828610464,0.2812033071468165
0.935074075016212,0.06826316434847624,0.9026929152247539,0.28237506758865405
0.93469708563206,0.0685840837905239,0.9031479362674719,0.27937681252709384
0.9324138116249611,0.06959075786519167,0.9128219982300245,0.2766548533255556
0.9316971384725737,0.069002410393288,0.9045461906398076,0.27991567281713414
0.9325691965310556,0.0693798904790333,0.9013599170708363,0.27978291200095895
0.9321309337490685,0.06932227994651455,0.8979094820323437,0.2844758782672347
0.9313238896750596,0.06913324578125546,0.9031833285085724,0.28120064850072496
0.9330312652385552,0.06903334937151281,0.8957511919018114,0.28212973269598624
0.9341237804645484,0.06870166903744379,0.8952025500845362,0.28136532081983945
0.9336630076705466,0.06684888422119016,0.8886277204509528,0.28210576512795543
0.9346536310344583,0.06744462149237129,0.8865763895592247,0.2817432503909439
0.9355802580618554,0.0675462151238141,0.8812787633132253,0.2819997302577092
0.9357184036352002,0.06820602532385667,0.8742583022200281,0.28201763271835345
0.936659463941449,0.06887556655927599,0.8767622346633922,0.2843018724222385
0.9399479882872618,0.06858010005175019,0.8729632540135732,0.2830951405802379
0.9404524638667124,0.06767445009233107,0.8733344271597682,0.2812309686976382
0.941069681970431,0.06607634091303784,0.8648799555809114,0.28665213395087624
0.9421760766249443,0.06605552240475394,0.8628758586581816,0.2855197990556284
0.9435647524827243,0.06617922840276408,0.8565341105279244,0.285517682156714
0.9446787999645738,0.06511991755501634,0.8485277574212309,0.28638039667342857
0.9447588477977641,0.06541577424156302,0.8439360088743055,0.2806053965398572
0.9457901145096362,0.06462056990919751,0.8368361109365869,0.2822389859349058
0.946483350691813,0.0638485939393657,0.8327366430727722,0.2840134753473343
0.9457928356986386,0.06358442362870083,0.8331310471114424,0.28712074370184915
0.9473256256155331,0.06305015463739239,0.832022362973269,0.28023886988395325
0.9473407689704678,0.06238908124006578,0.8253196218418023,0.27930139417996475
0.9490279010561593,0.06040749210129117,0.8237690747928035,0.2809964484936896
0.9487092487254722,0.06110644917039476,0.8224386039860702,0.2828861543976162
0.949790610694961,0.062238493132076286,0.8134132227632954,0.28621593267309214
0.9509249045382326,0.061841378612985616,0.8104716110165082,0.2799961062394507
0.9498487378492723,0.06230819758577721,0.8103688883666673,0.28159784616600814
0.9507994161574825,0.06110857607855413,0.8074690612692448,0.2816631949932616
0.9514806520239281,0.060128171990815216,0.8088660769512253,0.27846596191332557
0.9503302005668924,0.06037954853511976,0.8076453463531363,0.278795991745063
0.9495913917979134,0.06069874210069775,0.8055839930800685,0.2817064970262542
0.9487450865249965,0.060605645808265954,0.8120276580816078,0.28059782675909656
0.9503760500351501,0.059452704129895714,0.8045682841382626,0.28203060295747195
0.950929737866265,0.05762919296207138,0.8014449917309534,0.27829145912513625
0.9518538967909815,0.056021387084796766,0.7985513840078181,0.27633579050811513
0.9527793753997402,0.0562401822013486,0.8022914507244182,0.2783077666172823
0.9533774676071202,0.05620055967543401,0.8015637198854294,0.2734396906905207
0.9538974985782351,0.05620461555193511,0.7952728842555453,0.2765870775123158
0.9551801154957796,0.05551104295704484,0.7945821890817298,0.27546298871914243
0.955189299069067,0.05550499088315275,0.7950844229792697,0.27002399396543303
0.9535940255190839,0.055993330923438674,0.7976151653136703,0.26813095691646227
0.9539875907395781,0.056929858751412835,0.7951723161431592,0.2667418667009897
0.9527139243882251,0.05738426807127213,0.8001972704192736,0.2687729216458172
0.9535239051168248,0.055685718638769637,0.8033229186947308,0.26639821482869536
0.9524006585460556,0.055095147470450793,0.8034213084756563,0.2676390848309161
0.9530640269958247,0.054701641150494515,0.8034940142785476,0.26322834732564787
0.9531865539833365,0.054674677027067346,0.8022378532849475,0.2634485429167424
0.9539083507406358,0.055705095928429135,0.8028959393346042,0.26255165586108636
0.9551101103120077,0.055661554038765736,0.7998079082546706,0.2586242744468835
0.9559181428506814,0.05598665866177788,0.7933394396891532,0.25811248490706024
0.9561475722259752,0.056644424639322774,0.7940676229672102,0.26079459952878636
0.9557755654149056,0.05756379907431915,0.7932492368414176,0.26078389374802385
0.9548928079208645,0.05837767032829545,0.8015433433000697,0.26044088731506904
0.9546357797569551,0.057984995350277145,0.8038044104138634,0.26034243385445766
0.9535746260246447,0.057980038712513386,0.8098277390869609,0.26256970107792194
0.9545666224595037,0.056958800128616836,0.8079839885173791,0.2633846496461405
0.9545104759419742,0.05726878262234522,0.8084563503969386,0.26686609222010893
0.9548349603419336,0.05662083664894355,0.8073391730114567,0.2657547848407508
0.9544924012521034,0.05596450989499898,0.812718442406914,0.26849036934362847
0.954241810089251,0.05616446963836011,0.8163836881300433,0.26485581182014045
0.9546341901681681,0.05664345676676287,0.8140517581818696,0.2673481018295305
0.9536672639421012,0.056979452242676996,0.8153193901068617,0.27057734643470716
0.9539114851323691,0.05774096598118041,0.8218304050069928,0.26959270284236847
0.9525790192533717,0.05833116742631014,0.8195048838534386,0.2657563137083276
0.9520508262885614,0.05908458209968941,0.8186242431733403,0.2654147610051576
0.9515791877114204,0.05990237902216766,0.8227587325673112,0.2666950423933622
0.9510569626730474,0.059694499314754124,0.8238650660027939,0.2668204967046338
0.9506515130167734,0.06040415249092975,0.8244230771371691,0.2683206491553703
0.9513692154306542,0.06028128019390508,0.8188060206792082,0.2678458980392485
0.9508963860233037,0.059587728750722636,0.8205515206897471,0.2658470758395505
0.9515063107865237,0.06016796069397113,0.8148215644686945,0.2615060570087569
0.9504525829394226,0.06149681254092686,0.8168376169787962,0.2635220643442391
0.948729345981848,0.061326628964123164,0.8249085094848723,0.2648877076848368
0.9504181494672693,0.06048732697889952,0.8291404519566943,0.2676979391863386
0.950322065147788,0.06141314704537392,0.8254659320577051,0.2659592756927191
0.949691879329826,0.061474771890883226,0.8276344230849567,0.2683693574362603
0.9493097618064162,0.06074260881605586,0.8314210128368752,0.26792368256879245
0.949499409281191,0.05947013580088453,0.8325284400811419,0.2638299268269216
0.9491818995727924,0.05903313582262843,0.8361092613806184,0.26165147397491423
0.9513339721689972,0.059333190017004524,0.8297038577930606,0.2613766823343939
0.9515211313137294,0.05913214492834036,0.8368215920176557,0.26243874908204007
0.9512203970796782,0.05904747547365894,0.8400142709037005,0.2581659130551613
0.9508480786703484,0.059125466976920685,0.8374484002719419,0.2553111868862499
0.9516639667579239,0.058987363258745186,0.8295431054076529,0.2552996643605449
0.9524808216892338,0.05889997102623532,0.824999756110799,0.25624450655429154
0.9529576877822165,0.05980421523518098,0.8224187503519632,0.2592223045658994
0.9539995115918322,0.059115615586499734,0.8229761096803162,0.2583460846167409
0.9533258543988844,0.05995149329765234,0.8248580236622615,0.2566588069795855
0.9540357522477765,0.05958001208181657,0.8194936068453128,0.2575504638093622
0.9548253350755811,0.05854039961885608,0.8171628474452355,0.25599322003089836
0.9549190540528847,0.05966086558046085,0.8162670750732064,0.25842863796060844
0.955259655571244,0.06000600389913125,0.8130426953261886,0.25891506409071174
0.9543275756756803,0.059928498177727586,0.8164579448403653,0.2585540273584149
0.9536386946958588,0.05996511275433976,0.8125975597798503,0.25883632602314943
0.9537601611524781,0.059450131020675534,0.817695831842669,0.2596139546722822
0.9543094637244296,0.05862215462912277,0.817474055442552,0.25692413731477265
0.9546452664648352,0.05951670922646301,0.8175205513575561,0.2575981066478766
0.9535170209826769,0.059486216702247845,0.8224171286843928,0.2586789776384225
0.9532773713974817,0.05970738686027124,0.8158562047143197,0.2568614828011326
0.9527321328909109,0.059246678739239,0.8268555664459156,0.2596179462125902
0.9535001705774943,0.058449483025909826,0.8269795679573082,0.2586187408141276
0.9528786528740009,0.05910718686582568,0.8262846106281216,0.2600040204852458
0.9526804027593889,0.058834716383826216,0.8267002596201861,0.2635181730665039
0.9530983070848459,0.058989400930052754,0.8274458935167364,0.2662076922018395
0.9527490523293854,0.059458459396493045,0.8283009187239629,0.27103323760368886
0.9535868030391188,0.05845558076369246,0.8271929547665557,0.2697411107907592
0.9538338504693322,0.058557003435195897,0.8246830974680993,0.27177676029020564
0.9542848385812511,0.05831695259364228,0.8211482718221369,0.27364366260735373
0.9533163964791195,0.05775749917636899,0.8246205181145077,0.27571185079857125
0.9540798679721247,0.05762594357196007,0.8295359124151295,0.2732669233603554
0.9536633239202602,0.057489277237861944,0.8404014331675674,0.27334835589187284
0.9526751564053411,0.05793612859116467,0.8459720577120327,0.27314375752734144
0.9526501065742479,0.057950227380005374,0.8445771114892883,0.276007727915965
0.9537354927228527,0.05794722188431122,0.8464146786071229,0.27879310026823684
0.9557960796852778,0.057446896854302563,0.8409746255496277,0.277145104864605
0.9556735582071697,0.05906875595559268,0.835050576148428,0.27826664352993685
0.9555475437910252,0.05908743787346865,0.8319161234239003,0.27631780126027794
0.9529072020208695,0.05961915713694346,0.8386848304997595,0.27582662779172384
0.9528093668051417,0.05971549469963334,0.833421343360859,0.2779633891741358
0.9513047231641052,0.059958083659186055,0.8383834989086743,0.2802574734455526
0.9507942039114867,0.05961500909857067,0.8409969408741886,0.2794319044001002
0.9528428856519049,0.05895939920966454,0.8378649937618917,0.27717139763415355
0.952876462406968,0.059903939457799656,0.8410950222413573,0.27664465312127745
0.9529011515254677,0.06037253770593711,0.8382081722856445,0.27442559693828367
0.9519607937913006,0.06162002380691501,0.8439369112247256,0.27924046919633166
0.9515984103380197,0.06122466067679384,0.8455388030292091,0.27703790371114384
0.951476614961658,0.06177944349008432,0.8401853217009352,0.27261299932995653
0.9515998441555689,0.06282133862047772,0.8430941200489533,0.2734894661225685
0.952189054002466,0.061029236354734576,0.8400616592210223,0.27404719767819746
0.9520416280556155,0.06077776233394089,0.8298185456632167,0.27376462930980594
0.951354646808877,0.06150541897169602,0.8244419756735039,0.2731293913117018
0.9521137309719343,0.06088297459241301,0.8245680359283618,0.2745243262064065
0.9525581087688908,0.06024658766912073,0.8177005782914615,0.2746747033504027
0.9524766048198193,0.06033951932270118,0.8198999666332202,0.2750211970796658
0.9516009765807492,0.060856428810708706,0.8203716386043689,0.2740615447069621
0.951796497524366,0.060560152583269036,0.8234401206738268,0.2757574966616887
0.9510323242996679,0.060279270399750555,0.8238103267945737,0.2765346237798956
0.950847980041882,0.061366442613058785,0.8228980965658713,0.2785363120985277
0.9504192401600727,0.061348233581863594,0.8256821871505282,0.2785610395986694
0.9511010438775698,0.06094099155823607,0.8240417983302923,0.28162729417042465
0.9515306594470845,0.06053115029054809,0.8272475363796193,0.281461653652218
0.9507217860193959,0.05936435720934135,0.8316286351629552,0.28328269998556393
0.9513036748710881,0.05833147105012583,0.8238938610442432,0.2870152204139499
0.9526206038177374,0.05770565120447027,0.8222017109000158,0.2873255499236668
0.9523704384277909,0.05633315055314478,0.8191281424590412,0.28916945302942476
0.9525138410754574,0.05726979443682181,0.8157979348426301,0.2900274596504589
0.951497060146312,0.056643515197182324,0.8176152603199325,0.28851318745092064
0.9518528086191326,0.056137012044250624,0.8207535475212855,0.2883411643577093
0.9510971234893284,0.05706488715091053,0.8210393765278888,0.2890069466179899
0.9508196459300566,0.05658115239353593,0.8224911362590807,0.28936877315937465
0.9504561923255027,0.05647473668855806,0.8275486943492532,0.29169063622815594
0.9499762052678058,0.05596121298471631,0.8302751915492034,0.2920487615420298
0.9488324532194954,0.05545469300865944,0.8325764551041505,0.28962001615794436
0.9487079068970313,0.056243857528138014,0.8309448132154985,0.2884292669091456
0.9483118499446651,0.05517657508410862,0.8290231052478306,0.28718255633888495
0.948540959793722,0.055482306062449006,0.8282452362743675,0.2870292383265865
0.9486502021142296,0.05607885982659941,0.8319069724040599,0.28416960199530533
0.9471788420262768,0.05570899498150287,0.841353252649898,0.28739517239296475
0.948770655083692,0.056692915221050494,0.8328715294747242,0.2886450131086018
0.9492033311388793,0.056926387089970866,0.8303608902597571,0.2888351625692456
0.9499485865644407,0.05595138598824059,0.8249084405304405,0.2860547256825806
0.9495452327574397,0.05547454527518557,0.8271542421827583,0.28816153832962726
0.950521389766653,0.05527285713521782,0.8271561019971395,0.2883748817299736
0.9504896729776274,0.0542845191275556,0.8287557320144231,0.28708689317858177
0.9498345354104224,0.054406039071980036,0.8348144365261112,0.28792572882488315
0.9498872847226084,0.053673662899038056,0.8338695125986988,0.2863594657419311
0.9501705923947944,0.05332459695347498,0.833538735626655,0.2876531623866555
0.9512541917478391,0.053184823153710196,0.8309492442568762,0.28681426272892463
0.9517158097271622,0.05360104655358046,0.8264850649372416,0.29047177091309095
0.952672256827092,0.053697749614748706,0.8249016880239329,0.28996718862861126
0.95363952756451,0.052922677478848705,0.8150612430603538,0.29057163683229
0.9530177743096904,0.053664167535810964,0.8108792930092587,0.2914098217479775
0.9533872667168658,0.05255879459541991,0.8176338184122955,0.29237738484657544
0.95339408248082,0.05306011675085319,0.8185972675096062,0.2933440622405512
0.952763279173889,0.05241560974619061,0.8193716761606129,0.2905475677549664
0.9520459943242459,0.052524387014120155,0.8234520589638258,0.28787017591019826
0.9522409109078428,0.051353005060915634,0.8201350651082369,0.28784158746493715
0.9513889900446509,0.05105588449187689,0.818523385390206,0.289356061298039
0.9507925672273703,0.05062154786233785,0.8218854157118006,0.2892755950522282
0.9502269675327689,0.05113560162309013,0.8213900213105193,0.2889513639789752
0.9506294756103633,0.050673450710431854,0.8240304519079599,0.2904921748271572
0.9517874643739475,0.050050863951365654,0.821704256361342,0.2889084298204518
0.9525354749991246,0.05034166072710844,0.8182631097081847,0.2889558659472548
0.9530861628436292,0.05029236252128601,0.8161945000694444,0.2886903414011498
0.9529337606706697,0.05094199019152259,0.8167040883121134,0.29212703242419874
0.952617662499957,0.05140416876276417,0.8178840846516561,0.29189689734623425
0.9522763434327371,0.051645615602598845,0.817044567562056,0.2911610397882575
0.9531049360916412,0.052010547782147615,0.8161954879529723,0.29499997165487524
0.9536698474756508,0.05112949883456258,0.8205503743116009,0.2997729103558328
0.9536306293399536,0.050564682168752165,0.8272192793034981,0.2992675098388321
0.9526985093822062,0.05101674909660522,0.8316570491483044,0.3016888193332218
0.9531129587049749,0.050596887085915594,0.83461054312537,0.3003548042165836
0.9524725469559424,0.05039118252337128,0.8367883763820759,0.30002425140482913
0.9527989464555762,0.05108053779299772,0.8385477380181608,0.30135941152033247
0.9519838537730502,0.0514794037371819,0.8447731951459216,0.3032848123609871
0.9515509678417328,0.050369932993093086,0.8531827094939319,0.30457899381272796
0.9519583638588727,0.050605700613234515,0.8539730303803048,0.30415525812152194
0.9514408729176468,0.051091083455585336,0.850488737373085,0.30101002899435586
0.9512514716632382,0.05160609170435717,0.8475620464439962,0.3019765158464063
0.9518431990695608,0.0507410084885572,0.8413010171638582,0.30013311118262426
0.9513215034558284,0.05255623627850305,0.8317257162486758,0.3003215114640965
0.9504530952931651,0.051999115236055944,0.8285265545144748,0.296467974339228
0.9490780890010574,0.053144666239782534,0.8268212211187529,0.29521053256626084
0.9503430884120746,0.053212286717267895,0.8256766819203177,0.29714819008286564
0.949968012421642,0.05150141868401541,0.8331381455792245,0.2979551283579404
0.9501517794583008,0.0519869568561988,0.829784817095626,0.2959355504476163
0.9496426930366453,0.05117985425071938,0.8259571877627896,0.2937592027369515
0.9491104952158843,0.05150898765176562,0.8315277247721135,0.2948641321663497
0.9493366063761894,0.05173147674445815,0.8244723086124032,0.2927202921762409
0.9496718601364249,0.051712658534012,0.8217320006197683,0.2940973061792158
0.9500621989674201,0.050664615672517385,0.8214581678356749,0.293851834635482
0.9501681014299033,0.05073216434939137,0.8181304393914537,0.29312097326630254
0.9510985599660263,0.050711057903705656,0.8132001696978521,0.29307686916025594
0.9517768480598177,0.05103043240755792,0.8151925886063486,0.2966999465998014
0.9515656903335241,0.050300192975158885,0.8156445651102308,0.2971767256563033
0.9523887125212288,0.050714209646474086,0.8163592101286687,0.29540745008658614
0.9520961758760336,0.051124781381162686,0.8139252522958653,0.29358520559128914
0.9518136501583802,0.05091496590830976,0.8198032697881134,0.29330394957527606
0.9522603605496864,0.04994837209505079,0.8208213740304559,0.2939045859293184
0.9525061045666755,0.05045451109890769,0.8121872551097113,0.2923984271510839
0.9531918330976998,0.05042946334843584,0.8053348348428248,0.2920521788863587
0.9527149118318005,0.05041057383592165,0.807507618031442,0.2895702155853738
0.9522087910429047,0.04993377028504151,0.8132576431280333,0.2881558022017198
0.9519699031966895,0.05018843692545873,0.8128620470034955,0.28824618293166815
0.9539247025248887,0.049755520430646946,0.8103395546978399,0.2888969035995851
0.9539320401168443,0.05014473800357266,0.8078389762496526,0.288329859701922
0.9553694825886411,0.04970621607555633,0.8010798558077511,0.2907610569323554
0.9562950182362114,0.049683796208638394,0.7944514039864021,0.2863774913838131
0.9577081515133105,0.04972591532792392,0.7888725028001929,0.28523251193391796
0.9568781150697429,0.05153941161832989,0.7893940475558434,0.28569011454760623
0.9568360447696046,0.05144423119702124,0.789879686103875,0.2860084924098951
0.9555230471635543,0.051283472175560056,0.7926984528574825,0.28416592607688707
0.9539044567189933,0.05189275433952198,0.796434343769169,0.28365574910885616
0.9540062027534219,0.05160293328285206,0.7912119030694699,0.2828712781291256
0.9534160000660282,0.051971694857781935,0.7914325250309852,0.281840195055911
0.9547018265392712,0.051644949794367144,0.7918737079827776,0.2823628588699306
0.9541983656409635,0.05144303220109515,0.7955944723888603,0.28164779303314313
0.9555123205416094,0.04978099380705812,0.7884800094982578,0.2812963318317125
0.9558334269457845,0.04891240666369493,0.7865863206785118,0.2822082634514542
0.9556538426986743,0.04875932360591491,0.7899860157806774,0.2834388223043498
0.956772059700421,0.048202706425938276,0.7931068002962753,0.2849797259351204
0.9559056218527674,0.04754667022355,0.7979610842537121,0.28800076679761877
0.9557027723252078,0.04847209530673981,0.8004802122719022,0.2896597018013499
0.9562510089023842,0.049152728416004994,0.7983918865821955,0.2926306134781244
0.9553212106124717,0.049414341672542814,0.7970042465536441,0.2900978341377883
0.9554533904785454,0.04956663317756783,0.7954061637714016,0.29034140362711164
0.9568040036540107,0.04879009184925461,0.7947967973394385,0.2900833365737883
0.9571889350724606,0.04874357668667078,0.8006679464263127,0.29180075849306747
0.9581660726592117,0.04779792724671968,0.8025471356587026,0.29131709279568185
0.9583564653888368,0.048012069131450924,0.8062952391992776,0.29054932843221487
0.9588952578114784,0.04898544696360317,0.7999883169868545,0.28973276934895037
0.9606341481732288,0.04794482875975478,0.8020880197343427,0.29417137161995305
0.961023596708386,0.0470310133405022,0.8004002247896258,0.2947496387213491
0.9609066872611125,0.047136759226216254,0.8039087544955958,0.29628826487779153
0.9609729975855335,0.04859049028718774,0.7954052931716044,0.29646991591391747
0.9602941802824949,0.048384614125274714,0.7966818407164482,0.29314321967181706
0.9592052791539081,0.049048210457704494,0.7941818415112848,0.2913059268762062
0.9585177375641041,0.048091625604427715,0.8071573760609106,0.29286273068506596
0.9582251556795236,0.0477537428786537,0.8027562884433012,0.2889925112067809
0.9584717745725273,0.04760104515968436,0.7975505979210455,0.29065573697672537
0.9588103776202682,0.046961151730953804,0.7951272364631216,0.28996320347836796
0.9579863544133692,0.047387453445168336,0.7991193727804617,0.2884953478150874
0.9573126101888333,0.047281783239022386,0.8016829953589666,0.28655634690004417
0.9577232388500346,0.04683481536020408,0.7964997818933012,0.2825877114473944
0.9595760548412509,0.046594485991635334,0.787860683472498,0.280730599525397
0.9597374451359856,0.045848773480937854,0.7927172838026944,0.2795854582843319
0.9611167302118538,0.04562465286784407,0.7928328799518429,0.27981087971375096
0.9605040965960882,0.0456065024688283,0.7971822170467581,0.28086178825568975
0.9608499892948381,0.045069921212961724,0.8008627512935469,0.282355680385959
0.9607313090117641,0.0456675179826162,0.7999389138698031,0.281708675116917
0.9617296590733698,0.0451924585197546,0.791624627516647,0.27842192980442826
0.9620034831944213,0.044779235958086826,0.7885872175774568,0.27659432001482903
0.9626806692523628,0.04476271734962993,0.7787112749742264,0.27587047852647784
0.9622354989867312,0.04353013137705541,0.7851062094458866,0.2773027455600158
0.9613187681610073,0.04305249958874903,0.791791495501308,0.27768560807431036
0.9619406997865484,0.04314622620985991,0.787183098841718,0.27581487428746576
0.9622177915893466,0.042246499674740916,0.7874778750525366,0.2758231074908692
0.9626987144326835,0.042340717822032074,0.7855746642791296,0.274833573570519
0.9617697484012034,0.04224755179834284,0.791284280531199,0.27396181432469346
0.961979241367038,0.04181113437332048,0.7927700618422654,0.2730956912113438
0.9616784641349255,0.04186073338696463,0.7947238710626588,0.2712928764269017
0.9602736825971399,0.042081385999339756,0.7961550590306206,0.2687239286984394
0.9600397509193815,0.04181355413208076,0.7972282666877252,0.2678720890685957
0.9600913944996838,0.04149223853777593,0.797855553985062,0.2668760700531566
0.9592384148579167,0.04204131932350198,0.8027822751749721,0.26941954097904774
0.9594891435237703,0.04221014232219235,0.8014592243811177,0.26806274445788775
0.9608358878546598,0.04262412971195146,0.7963679168958508,0.2681866117413154
0.9612794996576697,0.04199515651634697,0.7928323369545378,0.2672688325904068
0.9621276101992972,0.04292519764711857,0.7902245776289245,0.2688772139956591
0.9632744655630889,0.04247790904921859,0.7912011801510185,0.26998753063925446
0.9638712033249398,0.04177517970474283,0.7905159853847198,0.2697984722336278
0.9630179071073289,0.04251570633841148,0.7919928321003529,0.26749009259601614
0.9628094858089913,0.042937601339665746,0.7926566242340548,0.2643410533719593
0.9620900366971333,0.04331692267148563,0.8019159932194355,0.2648675132148991
0.9613618433248774,0.04325407898631858,0.8063050396437816,0.26560882257622276
0.9611273273417166,0.04267148688859101,0.8071502559032194,0.2689614609312101
0.960595400848566,0.04224218909249673,0.8075810549747792,0.2693715063805813
0.9609521846051313,0.043099730843717626,0.8068964024484129,0.2697733700663156
0.9605381336552448,0.04344913943165537,0.8110245440274937,0.2692258547668269
0.9595845910098287,0.04391804883503237,0.8137021283489395,0.2690693281168643
0.9593307948139743,0.04274751349516791,0.8185123641367551,0.27128236886487117
0.9590576994955434,0.04226341157794803,0.8170607359498756,0.27011143830915674
0.9581200428295442,0.04250704329694155,0.8217762414303874,0.27252557240687664
0.9579200510258892,0.043020791982728304,0.8211255693455618,0.27295401688125515
0.9570778510787964,0.04378669389345091,0.8195163736705595,0.2672254609402787
0.9578142899376969,0.04379912307749088,0.8211634909615746,0.2698589314253314
0.9591947242984916,0.04346592353772138,0.8204257205689897,0.2701109096036744
0.9593948582440808,0.04288157646311292,0.8241104171318495,0.27220838072631826
0.9600084245751753,0.04315954036283433,0.8216089396334937,0.26797157656319215
0.9599789495648227,0.04365051977187414,0.8224192646557036,0.2680748381779461
0.9604108062526753,0.043363035894668285,0.8209405747117055,0.2683408002441621
0.9598933025790338,0.04360001959685772,0.8254265026193774,0.2675706758623125
0.9601418853635362,0.04387775592638588,0.8227719193837798,0.26549944819883026
0.9591482026710041,0.04421083772715183,0.8238091747118044,0.26307462886315447
0.9591468342189299,0.04384709093629375,0.8240173033558036,0.26252523931510896
0.9585312517253122,0.04475991860383855,0.8222582244990324,0.26265159963252344
0.9588711056113256,0.044457618997285495,0.819584019064421,0.2618570386188683
0.9581416011393609,0.04536197643083853,0.8190291303319533,0.2636711275239534
0.9578676366223592,0.045461837884849046,0.8229666918092055,0.26425417074100443
0.9576365035041042,0.04529767589167542,0.8182747514975146,0.26115774321396484
0.9568416127901713,0.044921777903344,0.823824356370456,0.2583429273354502
0.9563798345648498,0.04498020950932262,0.8254492264446004,0.2595340503713936
0.9567955470270952,0.04521595275462883,0.8244748161411019,0.2575394075192595
0.9575732813759423,0.045406888043971895,0.8222061870399615,0.2602110540723952
0.9582640478339679,0.04465530178379495,0.8194945689433507,0.26059262302354647
0.9584688473060055,0.04421225490956121,0.8221615017559017,0.26201512823640927
0.9581815352920839,0.044565434405345876,0.8206483684609548,0.2569407045729663
0.9574118226720068,0.04416632175547181,0.825488095000766,0.2581420349749975
0.9579681048703511,0.042797162496839285,0.8270283876254106,0.2596138418928205
0.9589257251616289,0.04282572162929659,0.8188876765397043,0.26187282431407755
0.9597711926709109,0.04251020987642798,0.8167539198439102,0.2604793451524647
0.9607419227821727,0.04342321068364387,0.8093346614195787,0.25752165682127665
0.9608873747291247,0.04252682479503755,0.8094449795183029,0.2555295767283564
0.9615628430826834,0.042075450198482786,0.8055130522501395,0.2536355888763036
0.9620690305860243,0.042239502680901965,0.8030336945892002,0.2548338916116004
0.9624687767604908,0.04243802011794493,0.8031756844380136,0.2537084648180659
0.9625252260407651,0.042226730577633834,0.8052808436119003,0.2557529724006276
0.963432103443171,0.04240709550831694,0.8010288151569348,0.2586406003086931
0.9637888900787625,0.04250644479594416,0.7999839404320648,0.25790268101197533
0.9644674804455906,0.0420462683664993,0.8014710035997752,0.2588565387277575
0.9643846066878712,0.04232378674671947,0.8006072095367672,0.2602957372256488
0.9636879889940039,0.0422864245002868,0.8015068107384721,0.25859874102998803
0.9627610802408375,0.0420961698840727,0.8077843044242683,0.25718390843030114
0.9621292480837746,0.042079034605728656,0.8066219228086374,0.25788094834189407
0.9618672281527375,0.041671694553474956,0.8034236657185108,0.25575666664981567
0.9625496436852049,0.04196806800772664,0.8019521420047168,0.2560063723943639
0.9633898460026808,0.04240651901120446,0.8017607797621729,0.257529228769198
0.9629772331060196,0.04295457159344388,0.8034956577488197,0.25653353335761486
0.9628459861050286,0.042860554932353134,0.809778629212645,0.2560422399809175
0.9631546484351852,0.04293912496972586,0.8092498382576828,0.25603621961601175
0.9616361915502363,0.04412318257018637,0.8154269413990863,0.257640255069479
0.9624603037713023,0.04443213426959801,0.807124607637321,0.2559254827568667
0.9627159962775961,0.04445345317495685,0.805583329554997,0.2550561439207789
0.9624975002064957,0.04434360433191302,0.8064065737277312,0.25500834013665935
0.962683529853152,0.04401446627255384,0.8068843693987914,0.25479325961370075
0.9613603607085868,0.04401158349789244,0.8101854899344549,0.2499144993411729
0.961376309730589,0.04405215343328198,0.8090934923135151,0.24907625522645355
0.9613517281409153,0.044454437434948764,0.807777360011453,0.2486537824682241
0.9618279859594255,0.044555751320444606,0.805008638336381,0.25230382376454186
0.9617294162186527,0.04447324316545171,0.8014399142219883,0.2546189389083422
0.9627154014122876,0.04401025001522805,0.7942815860509485,0.2537843609497966
0.9630155948663367,0.04412471256070832,0.7932565985845121,0.256020704496495
0.9615204049658809,0.044896748899205675,0.7977149872140853,0.25516668719568136
0.9630701487045084,0.0446726201853255,0.7978286955229871,0.2571527263564746
0.9633979074660031,0.04413447394234464,0.7931778490479573,0.25592018424548774
0.9631930176318996,0.04325034126292191,0.7895683947860488,0.25674503296175033
0.9634181460618881,0.04329154552029541,0.7865760089970623,0.2544797020955518
0.9630529900478785,0.043345338905530634,0.7926339067883037,0.25593262451424503
0.963492789977954,0.04450914544656307,0.791959357617246,0.2539091111475139
0.964037925300364,0.04523452969646312,0.7802902476869303,0.25319161027532805
0.9639895864169455,0.04457302532480733,0.7797154164170683,0.25588920677747773
0.9638298188591136,0.04534830706158149,0.7812591082594117,0.25604324157970376
0.9648599943636462,0.04431378437517443,0.7791387407260463,0.2612701473211725
0.9660447347382672,0.0437766733361128,0.7831038305219538,0.26341805324506057
0.9667772509431554,0.04368539717116387,0.7812687845791932,0.26384478573714626
0.9671319421245403,0.04353386973610997,0.7739432322768123,0.2625766681265629
0.9668822062147617,0.04434295355259408,0.7717906755352544,0.2613111476978959
0.9677785143923482,0.04399866980855986,0.773998851905628,0.26014842505295793
0.9692572297424537,0.04443346157661971,0.7663513169332042,0.2594574105289248
0.9679437839148173,0.044985074654380314,0.7693781396375019,0.25626680565379434
0.9674702710890161,0.044887444358546,0.7704669187651021,0.2546252961992921
0.9665481365445012,0.044632459136491685,0.7772612792265501,0.2552364200622754
0.966425651311516,0.04444560508790108,0.7791225308146877,0.25526757967388264
0.9652687289356403,0.044464704466660815,0.7829734494981428,0.25791290488664764
0.9656640644045478,0.044760288342982534,0.7766259979095443,0.25479129729773786
0.9659175965964368,0.04478704474849869,0.7750611697686796,0.25467218643460027
0.9656521552415855,0.04564989117813787,0.7809983176452382,0.257934736707919
0.9664825012213956,0.04572070202276616,0.7802060841304023,0.25979258816743567
0.9664932776247864,0.04564980528973489,0.7796379830536428,0.2609207964457016
0.966656741157634,0.04553878804227355,0.785285595705131,0.26129027411261807
0.9673359608395802,0.04519690408781223,0.7832419416066475,0.2615455840680245
0.9670173868533591,0.045425734543824314,0.7866710067843363,0.264322957614397
0.9662201815887324,0.04521284353467558,0.790186215306792,0.26467288435156644
0.9667563424412344,0.04413252854298766,0.7895397353946256,0.26199566362956533
0.9671639578087577,0.04410267281551204,0.7874521634986024,0.261178582868959
0.9672395199589057,0.043724209100204574,0.7874646808182785,0.2632763961046383
0.9675760393977453,0.04309732927700397,0.7890701564447682,0.26500449855518127
0.966119080922147,0.04207346466416821,0.7980968589273199,0.26294051845146466
0.9661341975271047,0.0425318707244323,0.796895968599984,0.26119026036068954
0.9674773254386336,0.042803864417236555,0.7958745783363745,0.26251726168008377
0.9669998522407155,0.04339827325145904,0.7987312148800173,0.26289796275766203
0.9676104744569181,0.04305040367923135,0.795653796366797,0.2636862027236853
0.9668404784799812,0.043195639878232835,0.7996420504694474,0.2652541687110121
0.965842739814565,0.0436627041190999,0.7983615981778961,0.26237837159081834
0.9670460060864275,0.04390999386613713,0.79258663846724,0.2605553260904974
0.9668287741089322,0.04395897526699774,0.7930182754095889,0.2599668630850281
0.9660051619096577,0.04340877070161195,0.8012702739729182,0.26140396624826734
0.9654814876547629,0.04356176227900457,0.8008656603841507,0.2617739792383736
0.9658467595474187,0.04309719333594898,0.8007998438757435,0.259559005435629
0.9665776001605209,0.04205455035815499,0.8013952246213303,0.25941106532508457
0.9667064217570878,0.04187120026244376,0.8002823623397162,0.259043183400715
0.9670760181281068,0.042012010786448804,0.8044055848913949,0.25957380234992705
0.966999940933027,0.04215328875558414,0.8065028655303325,0.2596700207704819
0.9663926355406537,0.042300925858894375,0.8114907241118334,0.2617035264692703
0.9661554079886188,0.042291553513764006,0.8085320884816418,0.26366244779467357
0.9662918611581516,0.04221431862120709,0.809374568990582,0.2646756689294173
0.965625461569015,0.0412101774691795,0.8088169457334016,0.2620772871331664
0.9645037009893891,0.041281623954338834,0.8121180451671521,0.2652085894820598
0.9643076544291372,0.04109417499236353,0.8121167276002947,0.2664078718723678
0.9630989129898433,0.04083995565385799,0.8138462794012238,0.26539646121070104
0.9635433281062833,0.04087419114129285,0.813061744575836,0.2644864226593398
0.9624355944402263,0.04045401670168812,0.8106284771009188,0.2638421813348772
0.9628546014172558,0.040642197613226044,0.8061855552979974,0.2618029881569655
0.961735574617596,0.0409629967017339,0.8063578604003419,0.2627254669474916
0.9626360414838551,0.04144922783925356,0.7968700433979223,0.2576458899698675
0.9624270806084313,0.04180593759950021,0.7982919167298671,0.2598327732156079
0.9634695433789884,0.04206274090991135,0.7909723291184353,0.2599122329775796
0.9643810032381435,0.04190217800664541,0.790353876989773,0.2630537547672681
0.96368834986656,0.041111694860941926,0.8008637658059823,0.26132380885579926
0.9642111674448052,0.04107936876516262,0.7956366258066029,0.2594905589700192
0.964211563017096,0.04068824734235639,0.800501930679007,0.2613285956709351
0.9644932041539669,0.04163258035952795,0.7966098647600904,0.2615539758792103
0.963859536683167,0.04180469474910852,0.8016720655276531,0.26389228803924036
0.9633698285236296,0.04234905112227422,0.8035378087654764,0.26412928262672725
0.9642685917555602,0.042012236019557066,0.8022994545947333,0.2672708808672234
0.9645481997312134,0.041667765822173186,0.807045487673111,0.26758921562417914
0.9638136860702341,0.04137787788002635,0.8081530978101282,0.2700830305625532
0.9635521975175514,0.041539343019138086,0.8103159361917138,0.2689640402905897
0.963771803913378,0.04183618972776818,0.8084147953331626,0.2681263058990511
0.9642609322940318,0.0423528394160233,0.8085498720997429,0.2663925793900588
0.9643609106453487,0.04236939689823867,0.8095817508618588,0.26533287816611484
0.9643100281679059,0.0425276724038667,0.8090265910294422,0.2647616974625539
0.9647545565238381,0.04287857939045661,0.7969484777020013,0.2630344875825146
0.9640695521431524,0.04200562470423795,0.8067107787600729,0.2592385129046419
0.9630740163270625,0.04196871983031265,0.8118268780243537,0.2579761672565914
0.9632881325355045,0.041877435141101815,0.8095521545024791,0.2569412839571769
0.9628392421229363,0.041968686815165954,0.8068198705454933,0.256072420926186
0.9633558702757553,0.04255567897910231,0.8077553549151939,0.2555206258965013
0.9629726763521623,0.0422759149143908,0.807957928470849,0.2569255672651303
0.9637387920447033,0.042630971788995796,0.8045176569132066,0.25631682044961435
0.9634797434128799,0.04241847374690401,0.8077639139410134,0.25760397237045873
0.9632754380500326,0.04269841220297997,0.8038564202156419,0.2559814004463539
0.9635796203178548,0.042350474289264375,0.8036054367006261,0.2556340072247466
0.9624407433751794,0.04164180148686956,0.8100583516427502,0.25683438258419156
0.9621612149322493,0.040606060525090686,0.8123123216748122,0.2571210483819539
0.961943302514483,0.041304449725771616,0.8143197413157383,0.2542405843355666
0.9620811696811604,0.040978671790290674,0.817287252654578,0.2558219357759654
0.9618603563269286,0.041504607108857866,0.8158220608317983,0.2561016674493409
0.9620989749767664,0.041131897014933874,0.8184209528889114,0.2610056847211603
0.9622301041765764,0.041239660540294085,0.8218476520374345,0.2635810145601171
0.9616446285797734,0.042319816976557546,0.8211704586810942,0.26495850996620646
0.9621944006831669,0.04222990849950342,0.8210676172583077,0.26580328426291217
0.9617491032917098,0.04193157595197147,0.8239854193071886,0.2665292438607947
0.9615562675817578,0.04214998861916095,0.8216296987879752,0.26189899140678247
0.9618444675794486,0.041609592217627035,0.8219546031956019,0.2644294554336055
0.9605141227095398,0.04106095015201058,0.8267235811129509,0.26450370419378505
0.9614242808204494,0.04156937332093255,0.8291651215148489,0.26714973180350565
0.9619371483466828,0.04195779683742802,0.8315232280507233,0.26963303088831586
0.9625462827955744,0.04140737900839061,0.8299749580732536,0.2703332903063526
0.9632378029571064,0.041669415506305,0.8214457770729501,0.26702039848443593
0.9635128685416803,0.04146950862404839,0.8163261795426032,0.26695576996866277
0.963738544479146,0.041483462566352,0.8166156789945773,0.26957082505900315
0.9639877929427916,0.04197954515790838,0.8069516564396194,0.2693858988409818
0.9642222741410653,0.0418416450326303,0.8076511259879243,0.2742941011190858
0.9633168830296323,0.04181840666067228,0.8166186090995784,0.278405360601781
0.9628933585598958,0.04134288354202142,0.8175105395742883,0.2788818742093786
0.9626107004558159,0.04053597913124933,0.8203632980913846,0.282152807605527
0.9615681708886564,0.04065723298114479,0.8207908883011416,0.2812283229338208
0.9611199165433117,0.04043705180133628,0.8223572973974577,0.2779835880257731
0.9600743685296733,0.040085670790416014,0.8282563526091595,0.2771770360368873
0.9602451929603223,0.03999564351656421,0.8272733696472031,0.274641896901659
0.9596548384800473,0.03988306831296322,0.8344807882189423,0.27667766398228416
0.9591261471055713,0.038859935198606296,0.8407109685079484,0.27533450356567346
0.9582911021839813,0.03876455809478783,0.841307640550087,0.27420922351749205
0.9584645207480691,0.03890117228078357,0.8433226931647801,0.2746156481253186
0.9581349846138119,0.03825206206950943,0.8433717910853484,0.2763038877864251
0.9587718149829955,0.03846505127194707,0.8401855833634311,0.2775176395179999
0.958537436635521,0.038196841407097004,0.842502022419419,0.27814384196236025
0.958113324377509,0.03801608428621609,0.8426764214284583,0.2776527428652656
0.9580033484555679,0.037900074736558965,0.842382751384135,0.27706632177641727
0.9597707366107338,0.03842264043708513,0.8358084705111877,0.28004754374024043
0.9596496000081952,0.0381283810385214,0.8334440925035232,0.2791089035904627
0.9590819261944016,0.037824223160987505,0.8415884751657577,0.2778221335223015
0.9589740285535306,0.03762884743465643,0.8459121633640947,0.2797065842072696
0.9588607296614544,0.03762636525312594,0.8436990842593372,0.28087034242853604
0.9580646543890853,0.0368243991160387,0.848668043347018,0.2799805334175383
0.9584076944399749,0.03662692838555469,0.848216666264651,0.2815976020746024
0.9577414490822371,0.03632116836996729,0.8524628326417533,0.2792977901379894
0.9591386918793029,0.03647457646970412,0.8499146558309331,0.27831109834930035
0.958363836622193,0.0364926389155248,0.8512848307745502,0.27740969408375543
0.957855355584425,0.035764681146279474,0.8560839552950769,0.27853523178732736
0.9583668695329934,0.035631366345392886,0.8567142787458272,0.2799694927913404
0.9594522208634276,0.03599534188888455,0.8569430089348662,0.2817906176833725
0.9594767961433343,0.036096992242317535,0.8547604284339013,0.2815923616549711
0.9597462566386353,0.03629740668465109,0.8507684103009873,0.2797212560477245
0.9597599848559532,0.036449703225455675,0.8498785317689715,0.2783857454025909
0.959848382852245,0.03633613392578059,0.8486884078546949,0.2792793200846233
0.9598138961155781,0.035977476755525074,0.8462753809683682,0.2812762285375022
0.9602385517715532,0.03601581409208611,0.8441855128782532,0.28243073806597024
0.9596392420384753,0.03547853546231632,0.8492526604323534,0.2833028902519642
0.9595032038882689,0.035225118840836234,0.8486687596774475,0.28248121602582643
0.9595886140161638,0.03563252248506876,0.8493937361494627,0.28114204263082926
0.9592435458686883,0.035835697424079604,0.8451305253448526,0.2812046535137112
0.9595573490469984,0.03551768373984544,0.8440821083870502,0.28053935059086493
0.9587476785877989,0.03533720780233854,0.851525678197826,0.28123051130270227
0.9585815322510439,0.03480322661681448,0.8465640674326885,0.2794122439241891
0.9590867150407543,0.03487465247752525,0.8514833990948245,0.28158592385637976
0.9596309106524846,0.035121691152638,0.8501889798009621,0.2813704915120274
0.9602033633123545,0.03540655156127872,0.8492711782966982,0.2870144471494382
0.9601842848766657,0.03533806121053563,0.8525110245069962,0.28827875092198757
0.9607731016800972,0.035084650192228416,0.8504512845033729,0.28810865170517447
0.9610603615460226,0.03497478657596509,0.8443251366487878,0.2889911232887596
0.9615266915085778,0.034958493751850735,0.8374814818175198,0.28763458435630695
0.9608593813190921,0.03489908471933554,0.8412609688794266,0.2881524092136191
0.9604443910929895,0.03459604594848518,0.8511015536648374,0.2884240463180489
0.9600369077168969,0.034249127286625575,0.8534711904978897,0.28789388413537664
0.959956272916606,0.034443448915730535,0.858339467433971,0.2898531082687489
0.9605094639828785,0.03515927261577467,0.8496081377343843,0.29079597267133733
0.9614602083179404,0.03538904640290603,0.8466850925228926,0.2920251759708017
0.9613331637768897,0.03523224383465497,0.8483022784337423,0.2910166012856243
0.9614303277227678,0.035619513126689796,0.8536212844346422,0.2929783507695567
0.9616934592941511,0.035637686222673305,0.8545582348815051,0.29166659026290087
0.9621900237723606,0.03546962438738732,0.8488746941127547,0.29146500139291487
0.9619355009560259,0.03521767298140233,0.8535376890827602,0.28909392820017077
0.9624629690097903,0.035463677572650024,0.8519111912455268,0.29206137062011844
0.9620014821959161,0.035718795507228764,0.8580710445204303,0.29425844228591364
0.9625674925709036,0.03578646229273308,0.8558109134443362,0.29505184970718473
0.9619938217761727,0.03574955838239643,0.8584993167837797,0.29563121026545164
0.9617345320895674,0.03587921551384051,0.86943921888236,0.2984295099095872
0.9613153381037931,0.035806185292825796,0.8683445347761779,0.29560702985593973
0.9614026689673909,0.035868134942635035,0.867889603323931,0.29729726990004224
0.96076400162283,0.03540751942050968,0.8733103821885454,0.2976606721323631
0.960761370766085,0.03555764128566493,0.8689922348928436,0.2967230524764472
0.9609094972419021,0.035599854182500924,0.8648833198715326,0.2953867737470264
0.9608938864000014,0.03607602488928241,0.8631722845321383,0.29964056177633436
0.9605561006864629,0.03577496081255721,0.8719920632701702,0.3001343675678098
0.9603165132903286,0.03580233357927464,0.873944580273834,0.30113357592539625
0.9603335449457557,0.03597149254398962,0.8730268588904729,0.3038327261710998
0.9608878627481354,0.03587396166513927,0.8739360727504806,0.3049132932479076
0.960741527488612,0.03597824972699671,0.875100862634533,0.3048835770625825
0.9602657853659095,0.0358607491033981,0.8803087293173376,0.30592908895141896
0.9604696351169668,0.03547966794144932,0.8812121139785563,0.3074612596283446
0.9600419215432765,0.035345594032527974,0.888540370941752,0.3048239424868694
0.9601024621130724,0.03533389724231176,0.890655396996378,0.30720139270647423
0.9600199748321058,0.03524906854963797,0.8963011272908128,0.30885682062156206
0.9599560995256797,0.0353928331381592,0.9030023339434425,0.3085908577961919
0.9603988713837381,0.03534068911801334,0.9001349482315578,0.3087371547446086
0.9598228053195024,0.03537446640103566,0.904273217121145,0.30848081037148944
0.9598002769107786,0.03531808158639489,0.9063322841211313,0.30920960497191763
0.95997147173975,0.03540202137509222,0.9005736278949411,0.30965035244529004
0.9608943004453324,0.03598117561088808,0.8910963197295885,0.31229638630833906
0.9606580253143233,0.03577897893800043,0.8935350363067771,0.31029935789764335
0.959231185657034,0.03573943169300129,0.89890926439685,0.31024693164174744
0.9590939677473851,0.03584579360210564,0.8969610201261338,0.30920419968952506
0.9592687156553423,0.03603637387453617,0.8968381732103231,0.310585225749184
0.9596354178615486,0.03649820148943785,0.8852435235562942,0.31220669856059924
0.9599497862814049,0.036685419996160186,0.8814224976036003,0.3113047457523835
0.9591160016020627,0.03695091139394009,0.88199450077224,0.31096652304778877
0.9585524524554349,0.03700738200556379,0.8882369202468093,0.31154207078429336
0.9587251284750473,0.03704007116899622,0.8862186609101925,0.3102555364006523
0.9587001433723886,0.037311220741134354,0.8874816251970786,0.3092065882572871
0.959702559486622,0.037114782325830084,0.8844200974208168,0.3111598433957112
0.9587284287143604,0.037091865118935495,0.8919940110735483,0.31030668364213193
0.9583068063553627,0.03673043095969896,0.8978762131774889,0.3123502183084913
0.9587657414545896,0.03696048021061009,0.8959802974370062,0.3120892468224857
0.9590951258908946,0.0370661709519292,0.8921800062816226,0.31339322549853044
0.9587214713646907,0.036439876294547716,0.8949918302092532,0.3108216046437521
0.9582507166024506,0.03632199676277927,0.9039908492500878,0.3114608661110101
0.9585405802288446,0.036438094558773754,0.9057325973567139,0.3104841583195883
0.9601080024709537,0.036404415478265555,0.9017389582153909,0.3132441739104301
0.959683960299276,0.03691863907569688,0.8989235712644955,0.3130262179835878
0.959036037097195,0.03686024577907318,0.8996871291063384,0.31023673664360873
0.9592346463482748,0.0371692085836358,0.8997001983416069,0.31053313105365127
0.9597425998423412,0.036823633993386076,0.898291706029238,0.31152301222261336
0.9591477830941394,0.03678084888529424,0.903906280954877,0.31175608048751724
0.959828872122569,0.0368760940799328,0.9014603000669896,0.31469255222326575
0.9596644155241753,0.037336320350989056,0.9042558316923951,0.3164423905720342
0.9590634159301411,0.03768342729070441,0.907040482939315,0.31673374909354274
0.9591193226812895,0.03776286401622703,0.9021736959659309,0.31456274735509704
0.9596279519050482,0.037686272626200945,0.8935034980011732,0.3165498582879382
0.9596575239694395,0.03769497119642339,0.8923234487703059,0.3169286381565297
0.9594022610444958,0.03763931361851331,0.8937829765956902,0.31438858387870267
0.9592180116619035,0.03753162653916762,0.8954337307257387,0.3156482003332136
0.9591576057979626,0.03795384475850838,0.8891783950958754,0.3159938738290519
0.9598303795855001,0.037846291975992895,0.8832823131604899,0.31562804154891216
0.9590936396943395,0.03753131011800182,0.8896765475834744,0.3171874784093603
0.9590798607216948,0.03787107249872522,0.8925171731996219,0.3181373947909174
0.9594890306708252,0.037555484156811925,0.8850017007319951,0.3169134508088013
0.9587614895119994,0.03766884629078597,0.8902183335805964,0.3169814817527895
0.9590754562422366,0.03806730135882822,0.8816331107242044,0.3170160513619089
0.9588128417016248,0.03778133706775689,0.8857168202904275,0.31861690602975823
0.9592088469111717,0.037556354515734636,0.8881710086551844,0.3199556500613259
0.9578903509018626,0.03681197637795735,0.902230976689774,0.319552932856146
0.9580439920921681,0.03653500400157766,0.9064188022975148,0.3200624968350364
0.9582512889846985,0.03666279490491953,0.9050799257479102,0.32322178564593274
0.9567593687623226,0.03642882106601439,0.9126290626827613,0.31995943643286506
0.9573852796760132,0.03669125192038033,0.9111025130397724,0.3200294823166093
0.9569477781443119,0.03664300460172087,0.9217266246031164,0.3189569429038139
0.9567313472260536,0.03681663056171673,0.9237995940759789,0.31991291212627493
0.9575106889740825,0.03674284944170995,0.9157568449148743,0.32166744302375494
0.9563280213840651,0.036910195502595104,0.9322192848058194,0.31831792837232187
0.9551379303104491,0.036225897851717856,0.9397603035946246,0.31442367788497255
0.9548304442682128,0.03602059895854473,0.9420469984244985,0.31327271868737316
0.9552838903792217,0.03632931959378828,0.9343274163531485,0.3131451569172874
0.9550441380880275,0.036197242473176454,0.9325378408397861,0.3128902544498093
0.9555703561355499,0.03653394246193549,0.9231546850561386,0.3142723179765742
0.9555525293904764,0.03648123506996285,0.9274774682109898,0.3130889906904697
0.9545090902576944,0.03599312655151526,0.9292750687623844,0.3110413926020652
0.9548458245792734,0.03637096019350527,0.9236161802645562,0.31126877041737144
0.9556512915082045,0.036668996905359325,0.912111498401004,0.31127775833381455
0.9572250835959367,0.03741367002858749,0.9018185619556444,0.31514347759490685
0.9561423826041336,0.03776153570201629,0.9077765228648393,0.31469465535043095
0.9563017542386311,0.0374142034143951,0.902681693788158,0.31356045251014947
0.956151310754212,0.03701591024915123,0.9056935094617297,0.31079166206928815
0.9566664955024693,0.03758429597516366,0.8974045941039837,0.31073148543180185
0.957012897029677,0.03758179977377271,0.8959332422965269,0.30955793899910233
0.9566466568686143,0.03817931109627173,0.8925447316423297,0.30847778948636206
0.9569002660876629,0.03849790152853658,0.8935851695456315,0.31143198270802347
0.957139461479634,0.03847960269815996,0.8933067400452049,0.312077275773671
0.9582000529147088,0.039265807750301536,0.8905338748460974,0.3152066966997277
0.9578766003943627,0.03924953402349943,0.8929495336327982,0.31647644478004144
0.9574586843389826,0.03943340217737355,0.89919918978588,0.31782703340910945
0.9569318837562032,0.03901796302003446,0.9016743630763479,0.31641959924624496
0.9569559808201957,0.039257340323099466,0.9053008106633456,0.317277189676477
0.9576663394581949,0.039397624276263254,0.8967803961949466,0.31856482774273015
0.9582419018465346,0.0390238109819949,0.8959972241231033,0.3182188696663979
0.9587788642565349,0.039382486933875256,0.8929552813810239,0.3192898231151055
0.9582629980812326,0.03920601957810835,0.8949542112064875,0.3196841184766176
0.957519120689346,0.039275847673726924,0.8972221624297159,0.3170405910272694
0.9571136537888688,0.03952140826029974,0.8992586217141579,0.31657942471403844
0.9585691630333039,0.03956544952308516,0.8910795039356968,0.319173848146954
0.9588046138783765,0.03979324698206509,0.885232695558801,0.3219677979755137
0.9585548789338502,0.03960663204471993,0.8810647962445338,0.31870423027699823
0.9589447375656689,0.03990527602361623,0.8748796541805699,0.31670605679716474
0.9579789164569565,0.040023281995584165,0.8792885329871398,0.31296115078632547
0.9582866472014595,0.040692021657106545,0.8780823732005719,0.3130827184481525
0.9572189068896625,0.04070113892370159,0.885546791220265,0.3099984901416032
0.9569602497449301,0.04086487232087302,0.8869474332138532,0.3094644611540871
0.9565518653350329,0.040915497939716904,0.8890152499845064,0.30906060260319274
0.9565710847528888,0.040488895474124674,0.8881685625135011,0.3079484866408402
0.9563469383853975,0.04086200256332294,0.8909159219944071,0.307121072394594
0.9564964622568434,0.04105106760383302,0.8928344926956623,0.3098629679221556
0.9571018051184256,0.04104081834155862,0.8854480183494168,0.30760248703800874
0.9576378152595566,0.041623078971667664,0.8797930698493716,0.31057713251824404
0.9576956469741099,0.041443969517793486,0.8765099421328268,0.3084779928418894
0.959182983723277,0.04184098539049534,0.8652683073414104,0.311400531595197
0.9599043225870638,0.042296339617903425,0.8582564845154231,0.3111872607595585
0.9605822808053927,0.042493669098938494,0.8557696341187148,0.31082016288663294
0.960406519615971,0.04240365227101215,0.8548146075506312,0.31296410170948813
0.9595801315806067,0.042167306205727,0.8603553497637527,0.31313063809833924
0.9591457452340779,0.04224011979925499,0.8589935217565461,0.31260401525355375
0.9587476673419224,0.041810946851787746,0.8619699516317282,0.31307855731155027
0.9589733549092556,0.041822602825482315,0.860916640969728,0.311510144669329
0.9600259913748298,0.04190019442111439,0.857796357563065,0.3132273058452614
0.9611094022687997,0.041740016690323206,0.8509670442044113,0.3147996796875735
0.9618590500967668,0.04176338788468591,0.8454187208984764,0.3137867058446614
0.9619623855606864,0.041845033863427764,0.8481697787190675,0.3158197956437627
0.9613218143076617,0.0415009943632544,0.8507589967630511,0.31502569119376345
0.9614892494720334,0.041283564103443283,0.848798650818053,0.3122864795006901
0.9614151529448032,0.04143566624441424,0.8485116577216173,0.3127461357380581
0.9616864132643576,0.041408760886119333,0.8434856038135549,0.30994558650237786
0.9619638159241131,0.04129721903405606,0.8412937743176624,0.31170596861909206
0.9626604163720036,0.04154421414533125,0.8390109490882037,0.3117018982170383
0.961628311800398,0.04113088834327597,0.847521899478472,0.30782097336865333
0.9611307756556031,0.040799606728044745,0.848724076305161,0.3080714548143058
0.9612716789995338,0.04062715327664359,0.8482520891712353,0.3085508261969124
0.9619254743339513,0.040289004042634066,0.8440240319539802,0.30842492000252253
0.9619007209594834,0.040528607570892265,0.8393675702673002,0.3071371371655179
0.9615391488678532,0.04074609131363142,0.8377279151353995,0.3058843612836232
0.961742066038298,0.04075791962917857,0.8369368235577135,0.3045000239708437
0.9626647832869812,0.04085016656937276,0.8290740413777352,0.3043962925536374
0.9621538865205963,0.0410140602683775,0.8326110139467362,0.30445084544391204
0.9614656740039768,0.04064237859131563,0.8366063378511375,0.3036453086300763
0.9619103827827598,0.04068192275307916,0.8319742632860256,0.3024353459695567
0.9617029031176222,0.040411691572848706,0.8344789644059396,0.30401797287558585
0.9604901506326904,0.04030610622170466,0.8405848898349825,0.3038902290913289
0.9600506872379599,0.040480815751361775,0.8413071267022458,0.30306613716952197
0.9595633187363782,0.040684033805975135,0.8403982995511229,0.3020103216740643
0.9593037033657688,0.04040318970713689,0.838405541578609,0.29827581326947794
0.9588748783391217,0.04041154486031292,0.8406110460866095,0.29775821194702873
0.9585901080965734,0.04039837000963507,0.8394952135830943,0.29485292351655784
0.9570016044546901,0.04020617173104509,0.8436926518078435,0.2882798154564244
0.9566073790846271,0.04007274561514527,0.8452399488921101,0.2883979566645191
0.9580999245597476,0.0402891324837845,0.8344738080619966,0.2880588481338415
0.9584428831992966,0.04037156364562818,0.8360576908818222,0.28885231101524417
0.9584631878819496,0.040076764293414106,0.8378326221338804,0.28901043749537086
0.9583475391327207,0.04054878943347032,0.8393633480967831,0.29050630595606375
