5000,1000,0.9,0,100.0,1.0
-0.001000999016476669,1.0089515344948226,-0.009408483725717853,1.0067850379220264
0.13494071918159392,0.9261492116075355,0.09830595331231966,0.9233106049263238
0.25460331975711276,0.8673570461532588,0.20775274008026717,0.875614603696168
0.3409176892480167,0.8180665076182247,0.2776680765658753,0.8486725794346657
0.4290558423543704,0.771864660113802,0.345923813854458,0.8075941590479924
0.4952316252662113,0.7217931330845084,0.39644984808607464,0.7715703850052528
0.5544714981538744,0.6751912175861556,0.44686315628991824,0.745069398125568
0.5919044179212589,0.6437035447492062,0.467867840290827,0.7132891296632451
0.6313425953930936,0.6108817873595137,0.5022202964265671,0.6919210163871649
0.6718498354325462,0.5907077127802505,0.5478975268794575,0.6803146206061321
0.6948917717006163,0.571900420357166,0.5720472591912631,0.6759871457499497
0.7135040856115231,0.5645877511032634,0.607389727921332,0.6586599583578063
0.7206738525324862,0.5458779632097814,0.6073679178745165,0.6476434055982857
0.7390028589312838,0.531355996834641,0.6233079164309092,0.6368665740366527
0.7514201813188681,0.5065929722744896,0.6314350840719734,0.6164332415182662
0.7791600825279603,0.5032545968670137,0.6682552991153105,0.6129805417007833
0.7828810785353253,0.4852450279827152,0.6706780358533783,0.5988904420908256
0.7915185079941588,0.4710565789241933,0.6819166527875946,0.5877516814034096
0.8022390459072074,0.45317801107883526,0.6922241532519124,0.5732459394968717
0.8063221237720207,0.4414639263175431,0.6840481403429786,0.5691391401979802
0.8103583278876055,0.43925717212398224,0.6700183530824871,0.5739230602839392
0.807417756243988,0.4271781251839105,0.6568114639238917,0.570140425727465
0.8239248182569149,0.4131685195124544,0.6801052504108559,0.5522284424063143
0.8350896282372722,0.4082117734525405,0.6959277741251777,0.5503727341174856
0.833960288921318,0.40051626419353575,0.6776696940307896,0.540562975808431
0.8460121764611149,0.389661164240109,0.6892669095739924,0.530726857236165
0.8520604132634285,0.38986536047574827,0.6945044570586798,0.5360521986103423
0.8605573285014411,0.3881603542930487,0.6968214904702263,0.5328856848941321
0.8657355659635565,0.3823956476214611,0.7060844603736336,0.529624285463076
0.8734796896708303,0.37685449732649584,0.7127965461088499,0.5263010715363191
0.8872838570777861,0.3651389763277774,0.7329683431122943,0.5213686883350599
0.8960825929468672,0.3605656375175557,0.740693139822651,0.5250423375856468
0.900300729958654,0.3592931742645026,0.7443347109110563,0.5305255499603792
0.9012641847232742,0.3568150365070591,0.7430113698072963,0.5218081374022749
0.9045951434805848,0.34826148162747134,0.7385564245792436,0.5108683917731572
0.9028257030807132,0.3452211794020703,0.7340049465852047,0.5091735645181777
0.8984038506134009,0.3414067313115929,0.7254061632098064,0.5202473279062121
0.912213556871036,0.3325871732587377,0.7326004291029606,0.5181896990063822
0.9102765549435319,0.3290553472591437,0.7369215653849749,0.5138354456602525
0.9193884993415642,0.3249890243607362,0.7309870344442022,0.5090174587553896
0.9170926688487266,0.32462570152315906,0.7276239431162863,0.5149549171738202
0.9188081836122257,0.32061116486025576,0.7421893617538872,0.4997984107648054
0.9165735851034184,0.320714053499848,0.736944390676608,0.5033960318620327
0.9236977436349665,0.3145890819554144,0.7395521333757242,0.49935874867767344
0.9242487194042518,0.30778683259448103,0.7456852250155689,0.4958584019651571
0.926970459725291,0.3050289271165133,0.7516283522500931,0.4854709044764322
0.9373411202143521,0.30060668301073307,0.7593684575027998,0.4827638105751864
0.9317218272514943,0.3002293053429232,0.7539198411425999,0.4943585228525036
0.9250705393592515,0.2989294582021307,0.7576680044961439,0.4890782223773735
0.9350021492646401,0.29946291104240036,0.7722831380528054,0.5059357794311738
0.9463171128473743,0.29577851656301807,0.7857054421734225,0.5081748493699787
0.9528726316966164,0.2981812428197669,0.7915281220811572,0.5108566209964931
0.9575836127255924,0.2958820812092326,0.7862148513720476,0.5079324208083987
0.9622653742645921,0.29258361943267464,0.7967607923027804,0.5080011665329347
0.961536852918156,0.29004934113903713,0.7894412662013974,0.5087208794588446
0.9628276937570012,0.2819754133239923,0.7852960120575728,0.5079316671024854
0.9667472234302721,0.27927513051517605,0.7951133344658154,0.5138927418008735
0.9669556710502977,0.27801666015517995,0.7878545199491622,0.5209241375242049
0.9631660884509267,0.27383001376311955,0.7826984906149517,0.5274549929145707
0.9673213314750503,0.2696049810390159,0.7831229990295604,0.5261760908638861
0.9683403270225426,0.269352498153239,0.7956331076578121,0.5236683850735323
0.9743539293043663,0.26785650482921664,0.7904149356405343,0.5296255209747097
0.975068069365526,0.26562567623055594,0.7779166075091299,0.5378636665737228
0.9812154827779294,0.26123788463510256,0.7869052096655272,0.5355093148977498
0.9810732864617686,0.2582662662696287,0.7843631923897748,0.5218811247049643
0.9785999680482348,0.2599658136539669,0.7747889067105891,0.5299742021780799
0.9895473024621341,0.2583919089277422,0.7865501315888812,0.5220769109911738
0.9952246684100421,0.25549927345040535,0.7808070822990997,0.5047052719727314
0.9900157146770567,0.25935034641210297,0.7671562095556091,0.5000696303979528
0.9927587911154664,0.26047639062500666,0.7598085017938202,0.49711893250463957
0.9899314239553226,0.2600050266629749,0.7508385920050461,0.5032678247828726
0.9800828988737951,0.2576752670408753,0.7383460615884626,0.5027609066357266
0.9726067511956642,0.2575399576610275,0.7175042578938724,0.5060654403228991
0.9692603266946317,0.257707755513863,0.706262908658196,0.5090617350702067
0.966358126858409,0.2541100143642523,0.6962722039074408,0.5088683779504005
0.9748146668426991,0.2522128593089248,0.709287101667648,0.49878689161028944
0.9742139858413253,0.2526185691119721,0.7001673985753013,0.4923654894664971
0.9709808500864823,0.25066292139651275,0.682171157659442,0.49205236652316386
0.9720941054301521,0.24992974137584292,0.6925823697787137,0.48643131821351904
0.9778126401556696,0.2515627684223829,0.6932847865363194,0.4894904010355014
0.9776385582701456,0.24662450335576444,0.6952097787248264,0.4980780884479208
0.9730886977464618,0.2444131685884412,0.6889020880098408,0.4954548047415903
0.9734864410853443,0.24651124952862769,0.6961301353746742,0.48860760784724255
0.9695123801561664,0.24662013367618274,0.7011229727798223,0.4883868026784815
0.9826833194388371,0.24451143858611313,0.7138822903345785,0.48401378658719135
0.9875486540829672,0.2450296143046977,0.7133618776472209,0.48782175874498745
0.9896079223995538,0.24650523059695986,0.7186339736795112,0.4840599603500351
1.0020959589987462,0.24316937653930012,0.7315225991152219,0.4795156733426674
1.0085388035776144,0.23816904931343993,0.7244477297246985,0.47899697163944127
1.0165215563046452,0.24063041160498583,0.7296720336525317,0.49293786250012045
1.0220321983159975,0.2373090887280188,0.7329948942604315,0.4948664419765429
1.0245753308799246,0.233358342051466,0.7351094167095749,0.4939767163183839
1.0261750491884134,0.2310797050259564,0.7261256572443882,0.4956031699535377
1.0293244235992158,0.22646889310852822,0.7282737495909474,0.490892138889302
1.0307128754574282,0.22740089075517772,0.7128764943857739,0.4863539805231351
1.0333454715579162,0.22728449133152887,0.7095699062573156,0.48929956727678875
1.0347438514903629,0.22408745028685195,0.6988619019611886,0.5019188223820599
1.0339646700004281,0.21815159521774477,0.7059462454918766,0.5016084042133854
1.0383037701345823,0.21516889616500515,0.7132384138536406,0.4957529573108573
1.0406257624284707,0.21659765260612202,0.7059746026087268,0.4981283074304541
1.0431483099335586,0.21935261690938965,0.709733770124487,0.48762010365351316
1.0495591249851481,0.21641760335241053,0.711223874268119,0.4906754254484376
1.0498566425420703,0.2115191330138769,0.6978232259724734,0.5029733379156269
1.0440218519414,0.21550372553925778,0.7149317203686719,0.4930644324858263
1.0429242894940522,0.21104231140232257,0.7053423682145705,0.49906199050987177
1.0406357200171932,0.21018977076403697,0.7134964979980641,0.4989354695420637
1.0367717819820903,0.2108510088751478,0.699434286911541,0.5131541396072247
1.0349808516114187,0.2098467735145158,0.698749472451798,0.5060770081019458
1.0314905794764329,0.20872068561894322,0.6929243809808809,0.5038659682201161
1.0327538380511028,0.20744516879393382,0.690781725215052,0.5130804951291338
1.0381450495133289,0.20434627377928405,0.7002311325530806,0.5044623223348093
1.0314439234228858,0.20533356094747185,0.6899714793134086,0.4983789680812137
1.0317947449724518,0.20597866476562665,0.6953517663240969,0.4943603230107431
1.0328068358975582,0.20710376917556197,0.7013678116687694,0.4968238984294754
1.0365354809959486,0.2100558076652123,0.70784568632638,0.49761811052940713
1.0312275578149013,0.21310166547260984,0.71268223238084,0.49439438832334043
1.0339746863283876,0.2097397157036698,0.7028126917510459,0.4977401384834997
1.0380796736185287,0.20359395843682096,0.6967400708881838,0.49316675327670195
1.0412004356895523,0.20050079199992954,0.7078883984364782,0.4954015217220287
1.042372665857618,0.19842284763918178,0.7043717014307996,0.5016176924515207
1.0414244218898068,0.20186840068927392,0.6915400469809141,0.5117827552684705
1.0443091550282257,0.20514050784422208,0.6867289172038744,0.5134183547307627
1.0418669536820573,0.20632344335143407,0.684842022061464,0.5154548617656424
1.0422826576438369,0.2051404044494087,0.6886655447355735,0.5155386530569737
1.035834472089334,0.2045548771537933,0.6780351069577473,0.5094128959331364
1.0363184962050713,0.20312501429706795,0.6592185006230733,0.5044210767026784
1.028615782144484,0.20272182034042296,0.6600134674741688,0.49724210113762446
1.0295596820277952,0.20120406152899475,0.6687118446686119,0.4793290424551381
1.0242112179561234,0.20053336019553097,0.6579775641048448,0.4930051377074317
1.0279202662242948,0.19957550135768562,0.6678254767829656,0.4779534728498408
1.0279902620497114,0.1983760776942467,0.6617536835315388,0.48623668166765016
1.0292809719054197,0.19572833708158704,0.644452672489522,0.5009234018572903
1.0241489616809392,0.19568789437453765,0.643540030502648,0.4949441718802801
1.0236985150683096,0.19781341845974584,0.6473083328498017,0.49099670167245635
1.0202333574135747,0.19598885117715076,0.6365500089327608,0.4908408669775159
1.0200591074373475,0.1960251210778155,0.6465623919378412,0.4833503791341765
1.0207286358013539,0.19412118492488362,0.6441197262629703,0.4868841659850437
1.0185796075895068,0.19188327968710428,0.6409739636152683,0.48726609424332107
1.0098303356575182,0.19210700826378302,0.6394473952558543,0.4898089521649847
1.0109816764083661,0.18826919791345847,0.6388097570278445,0.48136192689719176
1.0090232573817655,0.18878863573633323,0.6449200631558543,0.47943033548513253
1.00865446094949,0.18617804516171246,0.634251213432943,0.4931969672818987
1.0045291638307965,0.18932216919138206,0.6444798087480396,0.48561166097445624
1.0056747305822102,0.1893753718803281,0.6447159236588035,0.4798028859837076
1.0111660942807206,0.1891715464515493,0.651767128508085,0.4741731963873174
1.0082524715632148,0.18895623863982874,0.6474457114809944,0.4717863437378509
1.012277881721764,0.18725016113867338,0.6459613573134612,0.47846644974843
1.0168418085240214,0.18522008105479554,0.6459250300260394,0.4861637047899197
1.0188645446564446,0.18786034579933783,0.6345855059149395,0.4926026186040256
1.0168213230389274,0.1878842236938274,0.6260262910681992,0.4963482612512506
1.0209987846294695,0.18428170380225445,0.6275500656063743,0.4946286564905629
1.0192061266828856,0.18197827242229178,0.627230295712324,0.48945838357169485
1.0230453205372658,0.17880991089135476,0.6227036322137987,0.49653706560525185
1.0201522922699817,0.18143260332091452,0.6214727715386608,0.491884604350876
1.024754415305035,0.17843806783421612,0.6330434507827778,0.48626319880860097
1.022878734235101,0.1747173728970086,0.6377500362947569,0.4897972102188389
1.024197535343346,0.17489511160474686,0.6427642801070881,0.4919367897424165
1.024155176100939,0.17504674648100688,0.6435533812891455,0.4881387872054965
1.0198568581307343,0.17424460193478244,0.6317359883101923,0.49377438162798937
1.024495835630722,0.17398520756145885,0.6206556680091566,0.5041498696468815
1.026447960218067,0.17364474734012697,0.614692713362758,0.5153668509642888
1.0257556437512088,0.17351671951598627,0.6334968792812231,0.49874618460876596
1.0235407227284774,0.17148824010408442,0.6366884184064711,0.49379361582074127
1.0240551082171347,0.17262825448945832,0.6362221716615358,0.4918507663981586
1.0227959316464035,0.17373846344270785,0.6191102547052838,0.5022757524895947
1.0225660308544187,0.17388260496864136,0.60977602764006,0.5090945914035219
1.0196825657823245,0.17340305581098722,0.5972039502133575,0.5231495814906563
1.0207130127051653,0.17362806464338962,0.6049844423478459,0.517999799236145
1.0208842290584885,0.17207927305130322,0.6028520013626185,0.5184184922602457
1.0255975518352123,0.17287409362855755,0.6091900728940964,0.5157357675618818
1.025214390768009,0.17037182342521517,0.6158290452550981,0.5103402208794802
1.0285545147083957,0.16772279106581234,0.6246940227066526,0.5111801420221708
1.0272343434666829,0.16858977354380372,0.6180657309018682,0.5074493449857985
1.028762910465522,0.16616349396808364,0.6141646310812838,0.5082304531854345
1.030406190589204,0.16802939096826697,0.6143866985890007,0.5102686044509122
1.0244608004039246,0.17054840943520844,0.6148198380322139,0.5003672596304926
1.025026491866622,0.17278800013502862,0.620040284436249,0.49510036095761
1.024414546006273,0.17281637256431087,0.6226025765195675,0.4916596473413924
1.0254180810935982,0.16992090047261368,0.6336559156040049,0.4773368587437345
1.0226837089956133,0.17221734395193594,0.6289368096129728,0.47852678289636036
1.0212272542024867,0.16807332377327758,0.6250038609680787,0.49225133210324235
1.0259860864175974,0.16400714363559415,0.6246630765674094,0.4932651485462638
1.024708425140735,0.16290558471875663,0.6232606637538307,0.49829988172589806
1.0229893017859266,0.16280866088474633,0.6174284723287708,0.496138200499488
1.0201646208836712,0.1648631988260366,0.6271250635365746,0.490814184909386
1.0211253852173856,0.16548085212909078,0.6359812154844416,0.48246882379551037
1.0239670323719272,0.16479810665368413,0.626836284234005,0.49053545064885506
1.0187044818897293,0.1660688594736065,0.6086055734600915,0.5087356781650559
1.0196906817541227,0.1652790914034131,0.6007334666387878,0.5232636424804434
1.0150686015053259,0.16786505150698197,0.599767074800808,0.521452939073954
1.016239179121846,0.16695828435595583,0.5931575263148547,0.5291733443819224
1.0119135582479077,0.16496721358526414,0.5960339796256939,0.5261689715903092
1.0090398744141018,0.1648189406448265,0.5759785097678618,0.5358343356146416
1.0079134917879353,0.17106850660882647,0.583729684765907,0.5272427703626835
1.0067114046622807,0.1696719507220697,0.5779299760227408,0.5275510667320475
1.0039272214535067,0.1704201440348787,0.5796033702213197,0.5225589576500678
1.0031951808989465,0.1691995109334484,0.5918451893009904,0.5232660282179348
0.9997220162594256,0.16776065822762753,0.602027536501913,0.5219998109451981
1.001386512966502,0.16848893777247015,0.598649690653657,0.5272774371048169
1.003203846062421,0.16823822288238996,0.6171339738538653,0.5166598459238504
1.0052224791205011,0.1674719348679367,0.6167681007138622,0.5190820126563545
1.0025954159502093,0.16602085469207162,0.597919877212449,0.5309894823604658
0.9970292543145366,0.16858191010938683,0.5929941855733426,0.5319625181975673
1.001527034688148,0.1686052584849788,0.5925590074678183,0.5389285000083166
1.0016364877052497,0.1697658140938176,0.5921973475573338,0.5342499179367393
1.0001630597940947,0.17277877641902256,0.5879248095016741,0.5300972640343719
0.9990779326455654,0.17695162049921115,0.5949868224708933,0.523231502754929
1.0042523609585485,0.17837369254045002,0.583047133410704,0.5346911374734423
1.0041491608035418,0.18148007362172758,0.5929222742910463,0.5308630326256047
1.0000960123376197,0.1801290928533751,0.5653717439197371,0.5536838034102903
1.0018952640377883,0.17823635674978813,0.5769113629968408,0.555020486521277
0.9967751713518046,0.1794762105677667,0.5728730623492403,0.5635712650630252
0.9996201653855032,0.17719357857086077,0.5770581419334528,0.5640116952161714
0.9952675342949308,0.17463259517162363,0.5705195728837361,0.5617890787928018
0.9951356025766789,0.17102831406334779,0.5680546776869235,0.568195783189186
0.9943133077227032,0.17009359642858027,0.5602159963239018,0.574155377532802
0.9937993237006881,0.1729335137316831,0.5489847069509469,0.5761681692174153
0.9911131955335241,0.17188312698440436,0.5571236145625026,0.5688374705045948
0.9936167352637165,0.17187402893767129,0.5473170733061462,0.5764898682733843
0.9973187919105058,0.16979023154131917,0.5519436966397121,0.5737555504587796
1.001846668193961,0.1679188505703661,0.5639013755253718,0.5703096717567844
1.0056594214215953,0.1670160136616245,0.5651460566251855,0.5662965458550969
1.0078864054863501,0.16302547873440054,0.5641071408126119,0.5657800744999065
1.0103484505102327,0.16030512401763894,0.5625125851205038,0.5660668039635829
1.0122217886222893,0.1584323249167145,0.5614343182696971,0.5671293034723928
1.0120949040837564,0.15863599608099405,0.5573581630041704,0.5687066446825749
1.0165713197819386,0.15724923243860384,0.5619171635407307,0.5679170817595712
1.0156239848221413,0.16030264802533975,0.5632000456099749,0.5692508392037203
1.0118137863376768,0.1610370643499821,0.5761312235421087,0.5588948559284117
1.0104646559450643,0.16117322871999692,0.5655115811515958,0.5649903231649619
1.0121208808149784,0.15949378380578985,0.5631993046333531,0.565217559294856
1.0190577289760996,0.15738345927541292,0.5744791554628838,0.5564054470441735
1.0173441947601962,0.16261814962813595,0.5925111834278518,0.547332134599784
1.015595770855601,0.16289888220127907,0.5871938445019046,0.5443197603720935
1.0176575966587853,0.16291705329776454,0.6034255919150294,0.5374521064389811
1.016919693725275,0.1606938791349601,0.5908433225033373,0.5460287280561877
1.0133901844969124,0.16345482297770092,0.5816889258021931,0.5509788700436425
1.0152644138714333,0.16660623054014884,0.5865320097797397,0.5411867967934397
1.0188459337588442,0.16270071968952884,0.5827166209281739,0.5554581358724913
1.0138279211698893,0.16194379548028043,0.5686107546864748,0.563786951670272
1.012101865443342,0.16183241605356552,0.5572770956300089,0.5709044747058428
1.0115711279433457,0.15953835615721285,0.5697462629258735,0.5654108980372973
1.0110095415921188,0.1599915073738471,0.5697776168475215,0.5661864921010014
1.0099012377911272,0.15754065517873156,0.5671150697261949,0.5708613353604617
1.009047572514393,0.15719258801204786,0.566666925639303,0.5699889456706405
1.005005109213373,0.15485857577331913,0.5853591801072636,0.5542094908548721
1.0071406675752355,0.15785779068038827,0.6028533984551039,0.5450370989686212
1.0016591796037004,0.15564012365769403,0.6156516035049171,0.5324855945169362
1.0056761942569545,0.1526548367080501,0.6273792782033556,0.5211844223746893
1.0081144441967405,0.15378275109123946,0.6418196108097304,0.50201117581373
1.0111097656975363,0.14942721250292415,0.6464865896126702,0.5070949124779668
1.0095110838325436,0.14791493247572846,0.6382025517103977,0.5161729197585485
1.007309134454514,0.14684032252399565,0.6263555371444564,0.5233294774771144
1.0020415992782654,0.14835821924594722,0.6337420396275383,0.5169706934207872
0.9995898203140156,0.15134019936235157,0.6394018087443476,0.5108332387954694
0.9999244934711463,0.15181903995231555,0.6319227857239491,0.5204804397135478
0.9941234527275061,0.15262945125190042,0.6226206712058567,0.5214131014978616
0.9941669662818207,0.15381326830719017,0.6136567736145545,0.5279231098537293
0.993725363479957,0.15514296920596538,0.5945516512514974,0.5440351864888301
0.9899318722113262,0.15536991988269133,0.6101454665632932,0.5311090526767086
0.9908911807472123,0.15724879886324383,0.6167815455936038,0.5292464278370204
0.9938010887867577,0.1577946850920336,0.6256595307888839,0.5222178896544982
0.9947614366295607,0.16062036858914552,0.6320109716228615,0.517656852747674
0.997656348636254,0.16276169687978462,0.643653945657314,0.5039790960926279
0.999469754347032,0.16096823717869058,0.6396676082123588,0.5117460058194988
0.9978723393507944,0.15818405373063957,0.6469210800835918,0.5092877101177179
0.9970958659650263,0.15701316267451276,0.6460000685087304,0.5104829614110936
0.9982535815480913,0.15622141281134855,0.6449503064742288,0.5139028184528569
0.997517899524769,0.1551222111694555,0.6517500036915833,0.5053304938721078
0.9931478472329544,0.15415299738668034,0.6548418757460495,0.500994276383767
0.9909420346734281,0.15366603266139464,0.6550193620600401,0.4964731575355753
0.990811738486996,0.15461807590187646,0.649339223995259,0.49932357747960693
0.9896171003038248,0.15249276793313266,0.643779116044468,0.5044440039772297
0.9871536788739435,0.14958640397446127,0.6396251740651685,0.500085217435847
0.9901739462030686,0.14705317183480793,0.6472204132238021,0.49864582990793227
0.9942698855156447,0.14556348004288186,0.644630472030329,0.5026805405799767
0.9950289295562982,0.14765145753202163,0.6353616887140286,0.503698461839102
0.9925553435772665,0.1488420104608196,0.635431030665091,0.4966449079073549
0.9945705932801729,0.148215704457609,0.6417976116437545,0.49800760357715557
0.9944538696743246,0.1485460249130494,0.6415675253403983,0.5108082074474843
0.9958815539477691,0.14999528662684855,0.6317368315076701,0.5230860969722569
0.9976098847787913,0.15025347485528642,0.6275797846419553,0.5326089901877715
0.9978444309717652,0.15099800380343492,0.6360599573691498,0.5292538279504233
1.0003462071431923,0.15313249013674313,0.636255794719611,0.528088295074195
1.0034507581984127,0.15091508755502153,0.6307758042443418,0.5320417384078528
1.0027159708681843,0.14945848483588195,0.6386604850042015,0.5366800620774033
1.002992001419003,0.14539866283894365,0.6516580155112192,0.5190508337255951
1.0057614737319251,0.14317384894430937,0.6586510782300257,0.5097645686611488
1.009033638769918,0.1410366561490878,0.6752547309152395,0.4909156380201679
1.006946497344929,0.1430369810864633,0.6804092387953365,0.4827799191543921
1.0059732520466869,0.14281965878001907,0.6860166506924755,0.4897188372589422
1.0050740901838386,0.14276402174632624,0.6809108689071536,0.5034066704342294
1.0072325240718663,0.14463207273447484,0.6774501747977157,0.5111633664304459
1.0134758866131408,0.14469029834688021,0.6881256926934962,0.5022350993095542
1.0116675582714851,0.14348905219582223,0.6842754096885385,0.5017509983086077
1.0150389593064415,0.14553055213587057,0.6847770512195565,0.5141195520585574
1.015413560636429,0.14454598351784126,0.6767472965016461,0.5168888624791523
1.0167819632941453,0.14668137433116774,0.6625910971935572,0.5334487467381391
1.014926339325051,0.14496518336172654,0.6775125763863423,0.5121654139464186
1.0159438604258837,0.1452608862611877,0.6798208751152724,0.5111886506589799
1.0140769210515954,0.1456731961395822,0.6704978653010093,0.5235324281982915
1.0151267304004938,0.14647621773694952,0.6751557605897529,0.527164697961907
1.012379208121597,0.1476824779649005,0.680409842276088,0.521273475686346
1.010773557301769,0.14619289415747577,0.6958466541439373,0.509116830041432
1.0154880264611126,0.14375120713914677,0.6995016207365309,0.5112301768556178
1.0136998965811879,0.14376488036740664,0.6883539219163577,0.5179050521532595
1.0101421338956038,0.14292226352009846,0.7022140600931354,0.5000915794055142
1.0122039871403,0.14514833824791118,0.7029385427958523,0.5059179488022719
1.0160155982176606,0.14637377577864255,0.7160670997219251,0.5006289512721193
1.0143954248311033,0.14918576438965386,0.7063534951363987,0.5120388479945109
1.015974146396847,0.14796587238879527,0.7081364536995408,0.5044377747567567
1.0156161062261286,0.1462951476771933,0.7206365882609446,0.48534780556074764
1.0191229660680206,0.1461734061008077,0.711334872741251,0.498533037893376
1.0204222797730702,0.144650587481945,0.7173744299305898,0.4960160119430501
1.0252013051587214,0.14078055336999515,0.7152194960991443,0.5033055599575803
1.0263379235761567,0.1419742761479301,0.71186212203611,0.5153555769079131
1.0271878691096938,0.14012522386489024,0.7219763615717921,0.5115086022516756
1.026868460241651,0.14333149713960422,0.7362582393204697,0.49291435778800524
1.0257647618755374,0.14507368085893427,0.7560608824930292,0.4706387657680556
1.0251769161061872,0.14590354988989854,0.7535432273032002,0.4774714864775196
1.027374991927229,0.14862315321192404,0.7379225211298992,0.49145209136069223
1.020512019262577,0.14781984006641782,0.731390614223195,0.5006262563853755
1.0224790451621228,0.1461744861540231,0.7432533472328069,0.49385566030456346
1.0223792655717912,0.1458309943835758,0.7317797780813148,0.5006358421983487
1.0213665416045354,0.14806640393340373,0.7341046678252775,0.49945632397548545
1.0229150149571948,0.1494777741853938,0.7256913727755216,0.5097796291725345
1.0207577570657744,0.14942973342362725,0.6978887824949882,0.5412056892658395
1.0221410637363133,0.1477911415313375,0.7064957542148562,0.538631785369777
1.0200663725591963,0.14604566622256437,0.7209337158985248,0.5223115505959607
1.0187597804434414,0.1460349567677678,0.7242189863836851,0.5179718596256803
1.0189866377428933,0.14535319748548453,0.7266705227286323,0.5176552234968198
1.0181673567249874,0.14799991660531076,0.730969767545137,0.5030829826160984
1.020146479509869,0.1473936738663081,0.7438821637279163,0.48899960386753644
1.0179519881337604,0.14855216046259181,0.7442220500778353,0.4860030888886482
1.0207809424593424,0.149720969717555,0.7672409195366603,0.4541864326301512
1.0197446278417952,0.1474199495048961,0.7676121239514458,0.4518906478341821
1.0207800711688717,0.14431411937718724,0.7703130612481589,0.4620596310122169
1.0211603850960331,0.1484543404310635,0.7562035847721256,0.4768126921160355
1.0223816897000775,0.14554575748450732,0.7696311685255164,0.46266501691088135
1.0199037102669386,0.14286486305530058,0.7710080671982364,0.45983499311104464
1.0202060631522885,0.1416019895934866,0.7761472414848378,0.4622997733867834
1.0193534749444888,0.14075764732007837,0.7796008279170402,0.4581483059240416
1.019081010674952,0.14207678923378766,0.7884670867639194,0.4535498232414985
1.0180772863075167,0.14086444782121163,0.7816371619705538,0.4562907594849286
1.0154018387882453,0.14168463903650408,0.7777372518601243,0.4521875580699246
1.011818892122132,0.13823806177561504,0.7723931737477676,0.4535856792233851
1.0074285299618535,0.13802843426295444,0.7749199919735424,0.446147568302908
1.0023612739599825,0.13935818928799817,0.7640703312985807,0.4567490620136945
1.001877835619409,0.13717957656308913,0.7688854480987418,0.45516571447892695
1.0030483684440992,0.13750785899048212,0.7900249454374463,0.43248698006310765
1.006095697773713,0.13662471877733065,0.7870264695630982,0.4519183422755213
1.0051131312871104,0.13605225190641054,0.778565931786394,0.47274352204942277
1.00659603452493,0.1339490908715838,0.7703840442200439,0.4758650388977433
1.0071736881039552,0.1358788079527867,0.7782082800880328,0.46670283309025645
1.0059928735355796,0.13743905823568017,0.7827397200734512,0.45319686585197516
1.0066868760016374,0.13836233775939272,0.7759313941007562,0.4676064664777285
1.0040214834111936,0.14011511326944592,0.7733984736002131,0.4553370796867321
1.001717603910857,0.13857809226191628,0.771548729708035,0.453086910505852
1.0022855131812458,0.1383962843521445,0.7677336516742275,0.45784443820433435
0.9999749013441659,0.13640228314279262,0.7701777264603008,0.4682640797937916
1.000038918460506,0.13819632318283953,0.7676881020263642,0.471066642978035
1.0034655250118532,0.13810487123490647,0.7829001739113852,0.4584527359706659
1.0007756391900386,0.13750942282338868,0.7795724121310023,0.44722065142358813
0.998162441515344,0.13872671964390385,0.7799212692911683,0.44269527861946245
0.9955688631778987,0.13888357903005674,0.775808826259702,0.44271843959426066
0.9996339050396815,0.13615469355867404,0.7614488256969442,0.4662548001517568
0.99874054456213,0.13709216852663858,0.7603113350649502,0.4601724323879718
1.0025802839718045,0.13912213973526621,0.7489489420397415,0.4714360008572298
1.0032766651046665,0.13937402089868514,0.7587191370257685,0.4701147400038645
1.0027404251683372,0.13772901706967475,0.7617536511088047,0.47211360861442997
1.0018916763825274,0.13674391995036456,0.7497223121074394,0.47212169612106303
1.0041976749942638,0.133552932572258,0.751468690895487,0.4807304109413007
1.001424130842296,0.1324797675088891,0.7525367712628156,0.47096497194237796
1.0009282996094575,0.13283656063880192,0.7550252109145138,0.47156180213181237
1.0012302161534152,0.1297701215493722,0.7507277856680478,0.4789902520784378
1.0030256270972961,0.1318290360502135,0.755244556233755,0.4730703098570683
1.0030833385918736,0.13420605849795367,0.754865090862961,0.4650956620784927
1.0004415549939774,0.1351027851175099,0.7576706844908525,0.4612522454511828
1.0031498651285742,0.1347226352685149,0.7546716479964676,0.45801202771167004
1.0031656174110282,0.1363314131868782,0.7496447796782303,0.45076056286750316
1.0052942416244919,0.13587426035072342,0.7488066803861768,0.45965141112476554
0.9996487574903986,0.13608121745784185,0.7509218365591116,0.450783565089107
0.9960175611814395,0.13622934472529777,0.7428977400766696,0.4557622450992155
0.9939097740273799,0.13730449135574674,0.7402434180905102,0.4506588652395762
0.995400236864403,0.13491454573030986,0.7500960806470055,0.4473009127111875
0.9952597817545408,0.13485126727824648,0.7564068184488213,0.4387843877554669
0.9972256233431124,0.13541701390668062,0.7611636807236093,0.4364629593585387
0.9933878037353122,0.13540856078361255,0.7577310826313808,0.44279471563601325
0.9892753778791226,0.134399770194184,0.7455592649198391,0.45815998985492296
0.9898168861994684,0.13417843862823878,0.7475825939612368,0.4666268794101248
0.9901941093119975,0.13488150098634008,0.7419744248497829,0.4789595126290867
0.9974514027445394,0.13632565284587542,0.7463023158784905,0.4741181204749124
0.99559552379138,0.13538937893416703,0.7507226516986067,0.46565496554798574
0.9915655955444898,0.1362750238600308,0.7556214010706381,0.46150730314723754
0.9867967137053347,0.1357078919549187,0.7626023214424237,0.4611853603768653
0.9882717869641838,0.13521000923447887,0.759625891964369,0.4717324921601017
0.9886177183711248,0.13755040317864928,0.7591248353478705,0.47620183480521594
0.9879283820499856,0.13810208383505923,0.7575590351531387,0.48173669189403934
0.9870769173260876,0.13765510522457855,0.7618679745675905,0.4814743971089045
0.9889228290566614,0.13657175886456888,0.752646087983247,0.48742924994589565
0.9865188348044549,0.1352808894314105,0.7535340068866879,0.48241605335866505
0.9810384833865219,0.13397006262835695,0.7515926552572255,0.4804826779737177
0.9856451815632141,0.13679468463382854,0.7496881080049368,0.48748911821072555
0.9821945213895383,0.13710829402334512,0.7451211495281385,0.4862339935108619
0.9803698574801453,0.1364951883159364,0.7556385943787954,0.46596295608909644
0.9802353257125794,0.13535576398126337,0.7561004202325781,0.4717622160216022
0.9800834458622912,0.13280538367062134,0.7520500683257082,0.4763230535855287
0.9827490473644491,0.13168458040588635,0.7581831282094403,0.4717806532900994
0.9840295771163338,0.13537812264579202,0.7613534695537613,0.46321836202967925
0.9850400462814785,0.13665821296365477,0.768776065801538,0.45452334261277777
0.9861728914776322,0.1372870727410094,0.7620696171279969,0.45861513321114944
0.9830805702565165,0.13464434195868105,0.7583739254610273,0.4650494793755977
0.9843641225572412,0.1361205689647008,0.7615848944283474,0.4614448736563654
0.9867303197728171,0.14027514983822706,0.75462274502952,0.46847518548157313
0.9886091367791265,0.14173883263800632,0.7541282725262162,0.4712496734873199
0.9845638999538591,0.14118357297300688,0.7558689068983012,0.46500509532617795
0.9837822529362951,0.139578728016404,0.7609801773381822,0.4512256219461663
0.9859863757023197,0.14002304649993072,0.7603460330661099,0.45667331219606777
0.9852984302858299,0.13976591373171812,0.757449670326418,0.4478532905012838
0.9837652204267119,0.14224006345555956,0.7635821745786155,0.44466072991725997
0.9850071997813608,0.14188882167213848,0.7722854283919255,0.4355461802233552
0.9867890464038177,0.14264378360335764,0.7734931657538098,0.44442795619595477
0.9855908483464074,0.14334936791214675,0.7733114392166012,0.4414834576141641
0.9847785947365882,0.14206641899777134,0.7807314248378557,0.44185879472026646
0.9855774359241973,0.14235853381341707,0.7829957190524498,0.4339920350460273
0.984791578816924,0.14217144775260795,0.7980312308034554,0.4114713629434552
0.9820221505419473,0.14285665182542326,0.79733025036868,0.4086626321727515
0.9782477125056217,0.14415515268350695,0.8048390547069301,0.390412480150742
0.9787270572718225,0.1451037442323128,0.8016837959279333,0.39371528482175355
0.9776566248369593,0.1445685229122854,0.7927343792572026,0.4064435532848862
0.9715330079502866,0.14195570740980074,0.7779531340393668,0.43399974836466865
0.9719780833269251,0.14143842293969824,0.7783372604459665,0.4354934690776512
0.9737475742787907,0.14209968701640374,0.7728368901039703,0.43979241816904047
0.9734787852059883,0.14144753584864367,0.771811214452387,0.444510478432284
0.9724685746111732,0.14217534597833398,0.7834746265324835,0.4357593787470264
0.9722404656656088,0.14114689242685646,0.78619931613136,0.42555473950019895
0.9714704763075471,0.1405363766313932,0.7900845079868918,0.4191509818411775
0.9731915279110388,0.13988607461242528,0.789737337089698,0.42043899050167377
0.9702395204123769,0.1363904674282318,0.805780135616806,0.39545105447369405
0.9722529135672731,0.13503283907787786,0.8026169001904353,0.39810093867193513
0.9703102808074373,0.13394821284589958,0.7988725781141468,0.41154090553190076
0.9706594710516049,0.13293640239839313,0.8018004873734893,0.4117146938763951
0.9705444348609829,0.13417371128588074,0.8084421872632674,0.40435563116001716
0.9680558932224871,0.13396853739463024,0.8103021425748799,0.4058150490906647
0.9676478965939139,0.1309666494707427,0.8156120531261815,0.3929670485520714
0.9708364538238758,0.13018161685354432,0.8256449077587656,0.3837047160746239
0.9678002608995615,0.12813601893527168,0.8365464265686402,0.3766942881644596
0.9650644130226413,0.12825850186512489,0.8343954545222412,0.37088663016785955
0.9682253349899042,0.12853034494009924,0.8232596588489915,0.3900315892936261
0.9630031109908647,0.12895254222687744,0.8211771982650115,0.3888529338940402
0.966043896900232,0.1314678503097167,0.8111255704590327,0.4006823302787005
0.9694187598518184,0.13326305003941022,0.8072643587240296,0.39453729186509684
0.9688664341601534,0.13444073394428144,0.8044960929228478,0.4047237046918925
0.9701328085010664,0.13545930001163828,0.8102831176812219,0.3918181611179345
0.9647407985772625,0.13276179833837395,0.8086081871925246,0.4028931965132989
0.9685448769673456,0.13187269730791618,0.79551526980405,0.41239973909100397
0.9653293801451102,0.12979687875059737,0.7807612549336511,0.42968573766767587
0.9661868566292152,0.13177308634876617,0.782187227480458,0.4347143608793834
0.9611234418513243,0.13105905329031775,0.7944707340090167,0.41440660349739994
0.9636290922780685,0.13066546910538926,0.8012685875982865,0.4011917903513814
0.9685983223000781,0.13315037372071256,0.8031422647579471,0.39452195634744563
0.9660485220970583,0.13609997470881544,0.8020793674599606,0.39623219633200907
0.962555071301958,0.13405923427677524,0.8217872619014496,0.3622371688983292
0.9586686797387786,0.13565920464475667,0.8260953450191686,0.35609325301277517
0.9609798994546994,0.13772433181984434,0.8149496636074631,0.35953020981078204
0.9575462024930319,0.13388146544054705,0.8199748870928665,0.3436252782501438
0.9593813645221191,0.13234325350896123,0.8240145548478622,0.34540983889377885
0.9595104001904856,0.1339257897699596,0.8295606264055968,0.3326869965174544
0.9604508267531393,0.13093795136851114,0.8403360332633151,0.31883312618065585
0.9596020649234555,0.13189029539225247,0.8351296614425886,0.30543643142055654
0.9602913736918494,0.13597692888065996,0.8257024480536768,0.31723192864010247
0.9614853968007585,0.1386609377720532,0.81674378046701,0.31786860966024716
0.961686571791555,0.1388881763386965,0.8199737923068082,0.32878962955465396
0.9623162099808141,0.13680798674293115,0.8302048965445605,0.32197917184453945
0.962957044908731,0.13615298088985536,0.8362653944269111,0.30496029676891695
0.9641198450519322,0.13338003628965253,0.8438308061791006,0.30329880477914656
0.9620530631892347,0.13525424538537523,0.8374261446282548,0.30536481626115997
0.9603374699840531,0.13834257733497426,0.8476300800915073,0.2987179003097082
0.9612990621801973,0.1404600866673616,0.8416287178796991,0.30139951262444553
0.9591864212928576,0.13939165493346375,0.8481769279095482,0.289705865130995
0.964182993485612,0.1384309508204065,0.8482191046129155,0.2793011961235435
0.9652245701737784,0.13997439888707877,0.8368409511820595,0.29022095665701525
0.9648695940438101,0.14234827258446092,0.832109164226298,0.29681971001681673
0.9638848728068531,0.13853871643130694,0.8300698767961759,0.2994900206765467
0.965010275723341,0.14122107792348987,0.8240057563979232,0.3030025693349492
0.9643048164956323,0.14182821317392624,0.8259160259566408,0.29511973408670444
0.9647406668160231,0.14489903634395904,0.8311201030658749,0.2961595000273785
0.9641101932991344,0.1435405376560611,0.8367756756052553,0.28848762984724935
0.9629448943485691,0.1426219535758441,0.8381579480423749,0.28606796539478296
0.965162107624509,0.1426954947331422,0.8360536558089737,0.3027523743160727
0.9669357029622715,0.14256613324059428,0.8402870359870817,0.29946099608328064
0.9665242987532365,0.1442534529608354,0.8293623894471773,0.3093160242144191
0.9684525873236849,0.14374715487698775,0.828755318285013,0.31905965125038904
0.97216412433322,0.14306110897270335,0.8227040773159869,0.3304742409970621
0.9695212038808954,0.14215616164338768,0.8258757716974348,0.31428940158214386
0.9664409587825387,0.14206230891726676,0.8286148491041134,0.31009145943552413
0.9636972389647617,0.14090155806913826,0.8217435264422013,0.3083619990716158
0.9614347421255239,0.1380569479328019,0.8255834557058733,0.294244819245382
0.961397239277095,0.13750079877237315,0.836705251256144,0.2956790016907374
0.9624919517896436,0.13800712939533796,0.8356995797299703,0.30873322725501107
0.9670861859959506,0.1387055811005242,0.8348015303066931,0.30543516362594225
0.9667730626746839,0.13888695042937124,0.8262454877023508,0.3053744824461287
0.9682645230110669,0.13895644474734617,0.8326299035947415,0.29426925827497424
0.9638429675030886,0.1377109992589443,0.8322665882969451,0.2886179617206051
0.9612899465124796,0.136615053443242,0.8377583728249473,0.2772485288026237
0.9617852341601821,0.1392696727745327,0.8363568501758498,0.2667673476061286
0.9653191642846283,0.14322244270780105,0.8341956750152644,0.25697490255836897
0.9680131553739925,0.1429951405653616,0.8273344715451231,0.2681044052483559
0.9658479202647857,0.14484927693441427,0.8227891464733564,0.2702461601646842
0.9681276235768753,0.14370419611358018,0.8238292770195398,0.2677141323877486
0.9685217719169362,0.14042773081137302,0.8115455524019979,0.26464278711298755
0.9690104938758708,0.14099095639077344,0.8128913209784033,0.2687682453988348
0.9702879394764812,0.14335937417625597,0.8096343919862851,0.2695961483672904
0.9695102907038685,0.14490574873566964,0.8172508093081701,0.2668515112452898
0.9681750945454584,0.14429136872569798,0.8194266361222886,0.268844105536129
0.9634998507748187,0.14428849225575016,0.8161790300500957,0.27099776583408625
0.9668978569173536,0.14676186885027054,0.8135545393190515,0.26866976655184177
0.9695023824717206,0.14927041724974727,0.8075267611946916,0.2695445299623062
0.9658451632390239,0.15186271447890398,0.8085003485694872,0.26963805545600833
0.9658309141339185,0.15133813530860632,0.8091446557175014,0.27226678402536486
0.965454119175098,0.1527931847707039,0.8093108322834646,0.26810736121329587
0.9660730373721166,0.1528001377645627,0.8110522457351528,0.26958748756674805
0.9661001821836346,0.15387889429717624,0.8071253421118467,0.27073097172507155
0.9666069877664206,0.15543500394167353,0.804066561025665,0.28101122729756367
0.9644401579822804,0.15434980302715554,0.8127081210975206,0.27996373659504703
0.9666596747589606,0.1516109213066933,0.818176008473713,0.28866276365597177
0.9635744042436046,0.15296246136870198,0.8175250232445084,0.27787692824249166
0.9661976233799582,0.15492995422178002,0.8192301991519824,0.2830490504114445
0.9641776308970568,0.15346347761756948,0.8120880375925744,0.29260489263366607
0.9631385559157014,0.15361785330499497,0.8128370836508729,0.2952639889734318
0.9639736267507693,0.15816029195244102,0.8108522127115056,0.2934012156284658
0.9666654684382618,0.15994122929536325,0.809865345597928,0.2948725438143843
0.9666242366387112,0.15900789970458945,0.8105234986898217,0.2984044080060497
0.9668086293116649,0.15771950166080628,0.8042768193939398,0.30416496154783673
0.9665449762386404,0.15780661261869028,0.8019126883645538,0.3042122435052087
0.9637652016278596,0.15605312011470499,0.8086149026037576,0.30311158579601033
0.9623061229678739,0.15600590396384173,0.8071986132742006,0.29762247596782243
0.9627489946252019,0.1536636665200832,0.8054802026102597,0.30245028348124925
0.9624514394137111,0.15380477011386873,0.8021726157170893,0.3209850000859553
0.9587301050663644,0.15646753196957414,0.7933086161767112,0.3136032855642536
0.9593817631653714,0.15582421525715107,0.783506387566771,0.3184434401824743
0.9627344979478804,0.15731960591336022,0.7842125832697658,0.31413351033670256
0.9655413354040265,0.1565537152479791,0.7835813894797989,0.308406414537701
0.9606419898710534,0.15808745877889346,0.7817683699655027,0.3146649201107442
0.9605397793073897,0.15976088392744886,0.7893320525086183,0.29073093896476104
0.9637400374277482,0.15856735730767998,0.7968518906686811,0.28624694229812847
0.9655117008725145,0.160152244351218,0.8034451627561452,0.2811802891342918
0.9683743748720606,0.15934473378590439,0.8083260404254131,0.2845275622395932
0.9668646965408756,0.16217255778954598,0.8064316167153199,0.27999927065145
0.9688215527303491,0.16394255501153085,0.8020859649873099,0.28874809103865845
0.9665359389609899,0.16314922659656048,0.8001488972077665,0.2828955377005985
0.9706690461650582,0.16373901469284022,0.7981707139055647,0.2922733615622932
0.9726275021873163,0.1655386599328843,0.8035069582880567,0.272700818445212
0.9743251340095987,0.16266777492624346,0.8090406176302646,0.2726304505031729
0.9757546766524072,0.16077265417954603,0.806230582504838,0.2675337361946737
0.9802398988827765,0.15898557748854275,0.8005493724821198,0.2748543358607608
0.9804820433803532,0.1616141896282185,0.803986935349976,0.2756475778798243
0.9799866149087516,0.16074558138912015,0.8080071892553307,0.267720218656614
0.9825442869418828,0.1609462428046336,0.8051102261171462,0.2718677842522355
0.9793462234639501,0.16110437156468133,0.8103552290731016,0.27343337793432837
0.9808687201454426,0.16026633813095262,0.810437552463669,0.28638952569561266
0.9807194487434284,0.16084929637843376,0.8146320883161748,0.29536781452492816
0.9818527417247166,0.1608398933912912,0.811082565645658,0.2862949713782141
0.9783609243899577,0.16131621167296098,0.8089108050440391,0.28428821899756146
0.9814164575335933,0.16047498981423428,0.7957651933655744,0.28982227070522126
0.9788927501865478,0.161476456581041,0.7928109573214509,0.28499108782685106
0.9756723640381774,0.16082349676270632,0.790393185416734,0.27717729078651565
0.9745608286290418,0.16021245511043616,0.7823261930540216,0.2778547457291917
0.9758616330147599,0.16158549160303712,0.7811010535048847,0.2815857824343197
0.9734546802720145,0.16031672085579365,0.7814711315805227,0.27458882578012533
0.97436161389989,0.1593683014696312,0.7780230168965421,0.268811129184554
0.980367624533518,0.15717898087184387,0.7794585055893359,0.269405786611233
0.9776320880258074,0.15845182313316697,0.7799663423360877,0.26769046387435835
0.975109529735222,0.15578539777192466,0.7838477358639612,0.2726348468243893
0.9750859345221914,0.16026109686039414,0.7813066176389314,0.2676059779953538
0.9740187452410941,0.15680912666324628,0.7834095404886712,0.2686101780250033
0.9692411018881406,0.15507144317737678,0.7808902058269168,0.271724078593836
0.9739669963096225,0.15378156745105095,0.7792743799648092,0.2723935392627143
0.9705596787980665,0.15209148160836733,0.7887775607505261,0.2623022315449766
0.973651793463658,0.1507156335962415,0.7958040285798866,0.25372753020971295
0.9727451311591933,0.15157081910894563,0.7955175876554009,0.24843232353969583
0.9706693380696492,0.14899280887413013,0.7992870016175637,0.25098199682528394
0.9748365149370235,0.15009029623370196,0.7949518147324562,0.2543225852317737
0.9780589440400225,0.14920262646650398,0.7958815434720147,0.2569457775712593
0.9778039449296498,0.14977667390394125,0.7984162157444574,0.25626121779575306
0.9823370732197513,0.14716898360808708,0.7907850688910562,0.24970934380382215
0.9835974604747942,0.14924920911191195,0.7870992072565252,0.24748028944130404
0.9841821592707227,0.14829132095365632,0.7853093184790416,0.24975062750147653
0.9907310384920164,0.1486446448303542,0.786308675019621,0.24626601156907058
0.98827317109845,0.1489948808733848,0.7884508132931438,0.24330055752531043
0.9906202097531229,0.14619155994072017,0.7897747846192031,0.24058530861407978
0.9853895628241244,0.14970245303466836,0.7991275001993415,0.24325171106993115
0.9847279065462333,0.14988115907442678,0.7987878100320266,0.24587234140503067
0.9887471481248342,0.14923298495983586,0.8008167885508899,0.24528222146343795
0.9848348576047982,0.1513182988070847,0.7944336347151829,0.24620879855555033
0.9825103829463023,0.14807011794674022,0.800469293799942,0.24495061666685158
0.9851023705011818,0.1509203309256566,0.7963798409280028,0.23776039784302117
0.9855014757615143,0.1538579732409492,0.8009842925063384,0.24034710587107302
0.9855130050958092,0.15507472285158114,0.8047306709619414,0.24045587668935367
0.9780081033296756,0.15268016368033713,0.8111473940868846,0.24054922877487303
0.9757559201266007,0.15447333270245436,0.8177598565774661,0.23992083275170906
0.97469486732279,0.15303447547000087,0.8132157006636591,0.24424704060379962
0.9739436804485034,0.15365000034143986,0.8047282710697604,0.2463855233813152
0.968982658128308,0.152356379983917,0.8061223696347625,0.24749847669636316
0.9668306005320739,0.15320164779192783,0.8126997324709875,0.24233203442347045
0.9664687991121045,0.15568441199740413,0.8105838902808502,0.24023751941111957
0.9683751187435002,0.156460028938844,0.8081870442728174,0.24416560245037813
0.9687754168042504,0.15680022964381107,0.8058018441912421,0.24546638223329026
0.9744543955532609,0.1542559195085544,0.8024083778753925,0.24550754230824304
0.975035779883391,0.15343272130640564,0.8086978872147376,0.2482917395970266
0.9717026308466773,0.15661344673298525,0.8087822510314526,0.24920016507898585
0.9702758526883821,0.15968522650147207,0.8109341749421587,0.2478954576856652
0.9708428631734681,0.15889613640825576,0.8110336046601607,0.24338143756374897
0.9701275448304717,0.16021520127700364,0.8088297122788642,0.2431958349978244
0.9673017242893106,0.16309839052864056,0.8128009496738186,0.24034349345831213
0.9645383508956498,0.1609304412985105,0.8122198739780467,0.24095924534590654
0.9615179580755004,0.1627735032594725,0.8164761429212918,0.2415845559772566
0.9580520269127127,0.16078660390181748,0.8155521528654214,0.24115871306601774
0.95453827921201,0.1604118915795867,0.8167944595903814,0.2423715757736078
0.9585054788471338,0.1605763128307667,0.8155568454594839,0.24285367569604097
0.9633199953549025,0.16271072100265466,0.8079598213222634,0.2383051969707863
0.9636493097712,0.16522095829735162,0.8024651341008268,0.23651417784361442
0.9599042791596203,0.164691268516163,0.802343324097084,0.23499016904123105
0.9589783753556503,0.16263528069548985,0.8005444754435164,0.23813511684333324
0.9564817612165982,0.161225443504083,0.803447903621109,0.2371792860983489
0.9607179076561558,0.16391168045111792,0.8011812632019514,0.23737921410984322
0.961791222045357,0.1630240683680539,0.8060540899172427,0.234812705745808
0.9607807292927577,0.1633896956044255,0.8045919201755336,0.23402259599383082
0.9649985252659345,0.16058176660479534,0.8151921775713663,0.2306337023966275
0.9638794756883957,0.16195843628067333,0.8166917945709949,0.22703600890001935
0.9647462134309291,0.1606516149980386,0.819060349586542,0.22507144717887864
0.962959050382732,0.15994467275975444,0.8190811744527682,0.22865676899408166
0.9687366413545391,0.1638233142599542,0.8126252500426647,0.22831034185349625
0.967759398317822,0.16316052676423679,0.8152580657964125,0.23349545926463228
0.9692588133845713,0.16100178156560052,0.818097541923546,0.23337911229668837
0.9710225904115123,0.16148900144342657,0.817383359800432,0.226937082216116
0.9722559600350729,0.16158169637746628,0.8113623156349337,0.225992868789225
0.9737037342849723,0.1629761290019316,0.8080588943134573,0.22404585814458772
0.9793072635870034,0.16705675655779703,0.8109556687024647,0.22214800626265177
0.9788794609630058,0.16719783611176112,0.805638123232861,0.22539190351291885
0.9779922167692399,0.1679512930308507,0.8031497473802732,0.22751508695897094
0.9778683793426373,0.1674352756752732,0.8065436834451118,0.2321278115360201
0.9801276930684016,0.1666095714117538,0.8014585088584915,0.22825696611182938
0.9807792532069632,0.16660570033237856,0.8032924520352871,0.22865719439408952
0.9793254252740153,0.16999283103638568,0.8081782052815881,0.2272831206935125
0.9763693822716223,0.17060821722387112,0.8063441643295313,0.2274246090021798
0.9777602858887862,0.17218502206439998,0.8058671573422918,0.22312562850948564
0.9753983871769207,0.1699124836019812,0.8059277497028888,0.22686795201736168
0.9741981980978677,0.16580569597765127,0.8035357613472373,0.23032025841241766
0.9769759105701334,0.16486728184230198,0.8051856203561479,0.23214928979595711
0.9734559148769053,0.16472776459333152,0.8116654043875364,0.23025565528762695
0.973791538081668,0.16452010059164687,0.8140874836898061,0.23062528039103616
0.9769289110292422,0.16175781718549026,0.811536316085687,0.22966549499843383
0.9844890796809818,0.16270805475700986,0.8050329651319594,0.2296764640625168
0.9857938713345858,0.16288708215167527,0.8018501996727645,0.23005787433277622
0.9919452544744086,0.16502817103098336,0.8013560498969078,0.23057020472885056
0.9924253120435382,0.16353356250562967,0.8015874469927123,0.2304857811779014
0.9952564697606138,0.16329428460995074,0.797261609665992,0.23359805728572494
0.9972244818965391,0.16338393396293013,0.7962087146358992,0.2340112397964659
0.9959006223376812,0.16148584971200902,0.7966393996381698,0.23491534612383336
0.9958799750551987,0.16041991808431114,0.7943953052970475,0.23464565584653907
0.999165314451887,0.16008711528015593,0.791773343955608,0.23467410476030112
0.9980694182972911,0.1613117636666987,0.7921173347422308,0.2381310298491592
1.0001078551286282,0.160013056312681,0.7896857686902204,0.2431205068592616
0.9996366030883597,0.15713498744624457,0.7904859920868277,0.24242224647378854
0.9971651677444286,0.1554472473447447,0.7926373039210464,0.24579317660766828
0.9922386112556955,0.15575296486613932,0.7881052908556537,0.24457590220681474
0.9905743679362836,0.15554617886192473,0.7941704404443195,0.24294220228858338
0.9917174159795817,0.15734103667782154,0.7957918264953067,0.2436188167604509
0.9889998267790255,0.15541178996858968,0.7992292100878251,0.24461645586114947
0.989144164371258,0.15474498478162255,0.8034534751346413,0.24450001870870156
0.9900223148053503,0.15559793376712858,0.8024525148212374,0.2445748902278061
0.9888924223760556,0.1563357708021061,0.8035404688445767,0.24378233013756598
0.9921050688376137,0.15524618055191003,0.8053712874486506,0.24676264720728394
0.9958270911729155,0.15378868616816238,0.8010502575084518,0.2428406871658192
0.9937612962048493,0.15368227870122533,0.7996941700117375,0.24256277967865664
0.9931907448337169,0.15184843340692142,0.797421070403305,0.2395414689006502
0.9873275493523354,0.14975400240587855,0.7958337694116228,0.24072709428784775
0.9858843799253595,0.1493190070023582,0.795915011437666,0.24270135791681952
0.9858570063818651,0.15009248274771883,0.7850894661071727,0.24181906729548
0.985065441930831,0.14780788822770743,0.7845958048126537,0.24100717358444063
0.9835843756542221,0.1462392302523143,0.7890823490784911,0.24288101468942297
0.9817481885311832,0.14369375826240446,0.7896915154932512,0.24491861655911307
0.979715517147104,0.14241146777033065,0.789907074237749,0.24820758550218602
0.9785297307057077,0.14182314591354417,0.7912179153138448,0.2538354535598719
0.9791993237790979,0.14229223100730282,0.7888762224685706,0.2514622032175295
0.9772602610316393,0.14359713006604807,0.7944886245885278,0.24813374706955837
0.9781984181689474,0.1447540139112391,0.7934192229692704,0.251123817620158
0.9835746404784637,0.14417722065260483,0.7892251645360514,0.2509490834958596
0.9818301905080676,0.14506778235493287,0.790777390335561,0.2511969550439924
0.9807825756780829,0.142892609294849,0.7925990051172407,0.2521053343082717
0.9838446109098914,0.14127635422421655,0.7957428872490931,0.2510899628780948
0.9846376599429637,0.14122631676493266,0.7962178799703106,0.25146413049625627
0.987012986654698,0.1438288647742041,0.7915010707531211,0.25053772267800634
0.9852892784821926,0.14362183243703225,0.7847397944621596,0.2528232585708867
0.9830323956920988,0.14183395821145123,0.7866548180437023,0.24965865679189458
0.9843734702671841,0.14413536410418795,0.787138507957671,0.24668957289944796
0.9843582358375783,0.14293964270880105,0.7904742019890661,0.24267816943342574
0.9875391184705884,0.14341712903778006,0.7898605191733481,0.240219175410662
0.9938327727564831,0.14021828263263011,0.7763887973221858,0.23592074057677925
0.994149470785934,0.1430625846935834,0.7730605563662539,0.23251168796833338
0.9912021338628598,0.1435343467686341,0.7715552483751603,0.23312456483798974
0.9905478949988635,0.14358446850285703,0.770620478408381,0.23357093304731794
0.9884684477978959,0.14400028063236306,0.7771418261084183,0.22994670906014886
0.9868953507648912,0.14386470066784338,0.7819430229643416,0.23210032190890884
0.9848864467375348,0.14258047956114997,0.7867439552380207,0.2276198744787746
0.9847596318064014,0.1461678889473617,0.7879717942141511,0.2270206106117522
0.9872704609898454,0.14384403745973015,0.7857160683984107,0.22653048370600407
0.9816753591739049,0.14531880459903299,0.7869588642353967,0.22863112290022447
0.9792379375388683,0.1450830757797971,0.7911089993416902,0.22957010386233667
0.9731030083860551,0.143351396354391,0.7943407450790719,0.23009980028956514
0.974894915765335,0.14309585452034115,0.796536533235143,0.22900020191051565
0.9756543470815606,0.1418997124093136,0.7937184570168135,0.22945978281709617
0.9762599735958487,0.14220528199215285,0.7893359084838768,0.22745408108661694
0.9775179029704475,0.13991572675774439,0.7903384422697982,0.22900830559576446
0.9812485146399694,0.13955525552861978,0.7882744867448249,0.22949599262007422
0.979969007909448,0.14035131072170873,0.7943249356944235,0.22798003163547392
0.9763273894171042,0.14114298936681968,0.8025440457105142,0.22999214057560555
0.9790425870077292,0.13987938705413067,0.7994859976751102,0.234680686750594
0.9770671324915602,0.14088840674075875,0.7959145961484629,0.23604140903690965
0.979170255063229,0.14205463586695827,0.7921349611103599,0.2339311129444549
0.9764915697263761,0.14278997247904382,0.7828960359575908,0.23541798133917177
0.9719742887838216,0.14268019666102058,0.7856404381427688,0.23365042318828722
0.9722344918112227,0.1413385482973552,0.7864749736978279,0.23753448975976588
0.9741788404885304,0.1419261944801814,0.7838812608693272,0.24162365022496554
0.9725270535694901,0.1436341395289615,0.7849010382861178,0.24109126104922832
0.9706432512379691,0.14559481640835073,0.7863901393937645,0.2408811126230084
0.9688159179337578,0.14353557133666903,0.782824427253257,0.2414754889699951
0.9701199325058133,0.14252376600747904,0.7791721847121191,0.24098256216155015
0.9730949363479394,0.14276649697056742,0.7760383529903353,0.24343946946723652
0.9772629100182643,0.14462320695562084,0.7766699061631877,0.24291500144470152
0.9777105235460747,0.14835829351246263,0.7815199405376172,0.24184144341999214
0.9802193572058976,0.14909873340809612,0.7846261592541458,0.23835195716291693
0.9795171638348354,0.15058604109758525,0.7883268039948053,0.2416800244764148
0.9823907622139637,0.14963494646340894,0.790425956796524,0.24260884713633804
0.9788772571002754,0.1502176822282607,0.7943535088328672,0.2393107623586566
0.9898125278015101,0.15057369056243136,0.7835743334393134,0.23858325576072575
0.9802319106833957,0.15165271005654402,0.7922773373326953,0.23932412701655048
0.9771590036355963,0.1489187680623104,0.7922704490715937,0.2404384206614981
0.9797160874686788,0.15391502917907673,0.7979766985455866,0.23778219800741035
0.9784227941403402,0.15152646789577867,0.7969257191234971,0.24052143875327
0.9794434330384271,0.15514899303119253,0.8046115944558123,0.24098816765575834
0.9786425478785296,0.15453337222012842,0.802978714582804,0.23985746442283595
0.9790527422090776,0.15651607446354013,0.8064737017446292,0.24234774438643616
0.9800120774290871,0.15588271440166254,0.8102794790250842,0.2420906180155727
0.9803491168709448,0.15594439793131054,0.8173810232304783,0.24434660159604116
0.9822368709961403,0.15516625883724014,0.8216131152493368,0.2475318123478329
0.983060258954777,0.15495658060253772,0.8172356709682647,0.24547351134011744
0.9785500097878314,0.15255207731810508,0.8120011516944828,0.25126411789902786
0.9794330391726904,0.1533379958118162,0.8091056333866309,0.25499787839698446
0.9767343560623823,0.1531346724204347,0.8103356470058372,0.25412683066191083
0.9724332106148291,0.15254985035176943,0.8112525379041599,0.2547722475174253
0.9693883260662245,0.15127222829393996,0.8089561990116166,0.2573731392789945
0.96554424735592,0.15214577038913316,0.8107342115306974,0.2565057147268768
0.9690676796790447,0.15048977101688168,0.8102016885685456,0.2571729350560457
0.9710873360032336,0.15355705631553626,0.8093897193991055,0.25465804174441287
0.9748293093145151,0.15469804084297661,0.8061818914243241,0.25153768541031407
0.9771838935983566,0.15636099298507714,0.8016343150690814,0.25229234983753285
0.9803546890750428,0.15563604464550712,0.804508106293311,0.2512819457559569
0.9814916163827958,0.15642831857087958,0.8024317745482307,0.2526978477828776
0.9783572412238476,0.15271948927425327,0.8011455887391001,0.25331450975974135
0.981904914708917,0.15012654582657384,0.7915516900710705,0.2539235062989745
0.9795255942424499,0.1497640367192371,0.7884694152760818,0.2576009566662822
0.985288655668443,0.15129764121084446,0.7883664103275407,0.25786479567500825
0.986975174341803,0.15243410061623286,0.79351388008973,0.2544861319595376
0.9868804953584702,0.1522931039148737,0.7955590428991951,0.2522240459010133
0.9857721183626585,0.15292346856050504,0.7932628251167207,0.25198393069317754
0.9860739917122295,0.1508136786824694,0.7992030048388986,0.25111826684930244
0.9841459446688464,0.14762902660297816,0.800995432412803,0.25059771026948413
0.9842619304292217,0.15007146017609646,0.8016709485615956,0.2526558330830407
0.984418404228973,0.14955821694404547,0.802246845595469,0.2582252056887379
0.9845341973060328,0.14859011003954817,0.7978761994921666,0.2590636396991661
0.9888514192076465,0.1473880022849871,0.7955402675821898,0.2600885300149956
0.9928384993154432,0.1477323502950249,0.7912879511253513,0.2571381443067417
0.9928519782644578,0.14780169559624218,0.7943842178995708,0.2578695485496858
0.9914331536533864,0.148043145537307,0.7915035069363083,0.25767367398289726
0.9900284638928126,0.14689947700234163,0.7928543899869486,0.25736981740171305
0.9902760661409947,0.1465242118643854,0.7980820985842182,0.25585425775673476
0.9914230561413371,0.1450101423124872,0.7954023578405233,0.2584277200752152
0.9905849349164617,0.14240263304764256,0.7964938572564494,0.261999703271196
0.9893564131049684,0.14181329968579648,0.7991609616993768,0.2639286746698288
0.9943252326043985,0.14380712364696535,0.7993040753431804,0.2629435726373797
0.9921540822430266,0.14189929550402872,0.8019404156237535,0.26405327725887995
0.9929652721360528,0.14324350024550092,0.8027057009452921,0.2660140706459627
0.9923658306275062,0.14540309148103125,0.8002667438641518,0.26665880854216145
0.9944506355328993,0.14382530063988463,0.7951678355689191,0.265653533840636
0.9947951015048336,0.14283643780801072,0.7962525893528449,0.2666471386668616
0.9950718367263122,0.1420075368053456,0.792039519319915,0.2659649703796554
0.9983890782743856,0.14407982352851773,0.7970521774756941,0.266024261094654
1.0000233855489855,0.14167378185433657,0.8010136633735848,0.2667097656936381
1.0007699534076877,0.14225614377430063,0.7966324465383224,0.26694652778857025
1.0024494813089946,0.14138831520564454,0.7881892034601711,0.26542185813756897
1.0048445229766354,0.14284093642664572,0.785534172016493,0.26780186494548236
1.005519958386015,0.14118138588608053,0.7809778265750598,0.2650727174960682
1.0090513040069808,0.14240206866343671,0.7744818360713049,0.263158870843423
1.0114507816183698,0.13960135622288963,0.7762579638146503,0.260885280003161
1.01279395623495,0.1371085877049106,0.7680808563804953,0.2571562001570472
1.0131864114826439,0.13737247216888568,0.7706979905125875,0.25416552153834193
1.0136051876114505,0.136352982860998,0.763151163138943,0.258156459489207
1.0139905605050863,0.135835551035051,0.7617648318993621,0.26166375410362674
1.0125062074636515,0.13355075178362102,0.7645684254744926,0.26657634812516307
1.0134755330656666,0.13276582760486627,0.7650526613189622,0.26748815376359397
1.0178047249219613,0.13340803687070038,0.7588072694594301,0.26652875061635745
1.0135154744810382,0.13686417477240762,0.7625745306589014,0.2674869713861913
1.0125085282498651,0.136496149530288,0.7584981973810325,0.26539089555449596
1.0117205373868814,0.13608910640022046,0.7592793153376209,0.26536411844799146
1.0112212550682969,0.1387708027382646,0.7686501500628637,0.2659791768616458
1.0148550820562683,0.13962918313325226,0.7714136165119045,0.26681420248007887
1.0160623325193376,0.1408878985558362,0.7669446889772259,0.26719925554088325
1.0153561364706398,0.14360438016617558,0.763420721257048,0.2685058031446791
1.0171549065489516,0.14551012012075892,0.76592078169673,0.2688998813838932
1.0169045999517632,0.14633428232423185,0.763092800702638,0.26962503816459055
1.0186784479151736,0.14333792991203184,0.7639499817547803,0.27078214134086015
1.0193300351620673,0.14419502086223998,0.7577217350902039,0.27264086953381544
1.0220021070968455,0.1468654893197072,0.7584322971761727,0.27260693987007384
1.0211327380624637,0.15235663190555776,0.7602940182102388,0.2696320247759665
1.0206168217995104,0.15354458743827334,0.7586902875660381,0.2725293380217447
1.0234803425795216,0.1551975938893158,0.7530103940886309,0.2732421646692087
1.0204773332447588,0.15344837855635907,0.751417386411148,0.2702967811369561
1.0181131597811903,0.14928650096975293,0.7471751159183344,0.2687435960743381
1.0168333568621029,0.149315616590342,0.7517927827585762,0.27123139738805613
1.0132912270946388,0.14999364033374452,0.7502188597896502,0.2685780203598649
1.0168770625778223,0.15261944273612776,0.754920213496433,0.268357862125577
1.0178412772549605,0.1494014068613422,0.748340047049521,0.27241989927067173
1.0157341966090452,0.15157059271381293,0.752729862857104,0.2712817867412545
1.0146363522860005,0.15173395437288575,0.758371839370807,0.26845006454978576
1.013301505756729,0.1520459602613721,0.7543280296337687,0.2717948332909377
1.0145548098982715,0.14893046137002236,0.7564815235126366,0.2706602421838145
1.013346616683399,0.14765598912458675,0.7497332254546581,0.27028725539983506
1.0135306908327253,0.1489840348002911,0.7472642297794714,0.27245293000076104
1.0146654991245496,0.1463321137363685,0.7391322774994893,0.2747449305708797
1.0168970261235675,0.14610243097268402,0.737063359586887,0.27068865888414095
1.0145556760949526,0.1458834777690304,0.7406364624055862,0.26980444311040747
1.0165859531016017,0.14378776289718664,0.7352311241175242,0.26535790312154584
1.0177914614167876,0.1456328200197725,0.7377561720884868,0.2667518327688871
1.013130712690517,0.1501954430519559,0.7400334449298158,0.2652562027234012
1.015481355716978,0.1491510595845421,0.7334303190989745,0.26739324784910457
1.0178322837512053,0.15031819889599268,0.7292617254515107,0.2684927706307691
1.014301256339419,0.14959682238247674,0.7330424200940708,0.2720640938191439
1.0107712534350755,0.14996368803204685,0.7402451505313268,0.271833572538103
1.0055882854948923,0.1471275164304628,0.7408654628613618,0.27094876459367956
1.0049141653831397,0.1466367269074007,0.7391635320909068,0.26793518415002576
1.0067357404231305,0.14590323149627002,0.737531554280023,0.2695127635863393
1.0058365070777389,0.14714842750181498,0.743322500069227,0.27439886616699427
1.0044931327770343,0.1500100082029694,0.7475150650179817,0.2720495630452701
1.0087579727280798,0.15299192245376617,0.746669681256825,0.27307468753142217
1.0137741672087361,0.1527284992346011,0.7427222787363406,0.2718765412118527
1.016256733299491,0.15034245162621854,0.744717740920512,0.2722764836007112
1.01233532913847,0.14832464542084828,0.7426607932598452,0.2755885988816755
1.0089573787985304,0.14681553053667218,0.7349241854365408,0.2753545514557921
1.0104154815539106,0.14417283481318374,0.7287901410198799,0.27399609114418993
1.0087336570888554,0.1409566587070191,0.7215876032771893,0.27634777263347454
1.0088619698051684,0.1412672723277892,0.7257327647893602,0.2756683440774861
1.0082114761569625,0.14296352363634138,0.7321248989148101,0.2709188734003826
1.0059825906132256,0.14004495715723272,0.7366716411955075,0.27160324074318387
1.0019049470478865,0.13786022095717698,0.7346032524973909,0.26894379260318585
1.0021750962496105,0.13764700883446626,0.7400351813481028,0.2691773726560362
1.0032911246959089,0.13688155963663148,0.7427399822441978,0.2676876056719762
1.0061605769882318,0.13399786807455075,0.7430668786238132,0.2693221893510016
1.0030326004207064,0.13287450431521997,0.7364257230023863,0.26759835265068554
1.0012200853507487,0.13244641879465288,0.7391487245176573,0.26895965542857075
1.0001039717738212,0.13243944224985232,0.7361471143685329,0.2701555925282249
0.9990421890338091,0.13390987841444577,0.7442264814687348,0.2676720958507939
0.9999481970360932,0.1376077005620037,0.7438254130675895,0.26861037943984634
0.9990698790407038,0.13866875799059403,0.7467453564804425,0.2691426660077825
1.0005006417006044,0.13698737870160163,0.7422416701832447,0.2737932298366885
0.9993942948738006,0.1365714516632794,0.7381408304313439,0.2746814309454514
0.9944695949243058,0.13785058842265852,0.7398147061500614,0.27310524184425466
0.9940866940729466,0.1399265178390984,0.7404638356698703,0.274786495797567
0.991590781607106,0.1391619483111582,0.7384800610945174,0.2797764384506276
0.9942909183898462,0.1378385132686492,0.7307839383148368,0.2786364379359774
0.9945724406185574,0.139481300972859,0.7305474343939825,0.2779684715578463
0.9946137869219424,0.14115148624015247,0.7326277399841373,0.2776111195368544
0.9943653632799585,0.14331888838248305,0.737344404744903,0.28023156161412893
0.9945779242614601,0.14326099548710847,0.7455626741933902,0.27755232930141827
0.9915873398364075,0.14324732121046493,0.7525642499606874,0.2770414958374139
0.9915091498828537,0.14325079817567773,0.7503986460885449,0.2708391718025661
0.9926732386730046,0.15087383066431653,0.7523120819735254,0.27345567095653145
0.9918237478993502,0.1464439128323464,0.7480545851346811,0.278184359820806
0.9906159538160421,0.15050158156590351,0.7493991324358962,0.2740206338258142
0.99306995164531,0.14940808104223552,0.7430961541642896,0.2745793169117036
0.9896826848193059,0.15137867039862843,0.747701546898436,0.27381207856910805
0.9898204754041217,0.15205043553524936,0.750676541928144,0.2737321157763689
0.9910062657262986,0.14991520856224866,0.7540130631735661,0.2740308054328234
0.991171867994179,0.14845789445792645,0.7515343722388398,0.27023975352878377
0.9947405261739456,0.14398011033231065,0.7481148917601946,0.26884271365198587
0.9888903658635095,0.1465521921738318,0.7529000979444344,0.26912950564120863
0.9905375864928941,0.14725313092737308,0.7570502851872251,0.2677107799857309
0.9921166618121376,0.14754643256084016,0.7566244612933734,0.2654982718097284
0.9912465382798564,0.14691004183743073,0.7641723911732384,0.26471959874087575
0.9929501333203742,0.1456631314070864,0.7661764568694802,0.26602900619189335
0.9981920324010706,0.14497324518182766,0.7608260274349059,0.2631388868736908
0.9966788203313441,0.14408419578547157,0.7540091631956158,0.25950737838969823
0.9963561679512782,0.1475732779032369,0.7458419074281776,0.26182840811809244
0.9930656950444551,0.14592180312158542,0.7465160353763518,0.26061878439569836
0.9923572197930589,0.14552962765444458,0.7475433835162628,0.2624899504512919
0.9938968882836645,0.14769373924353968,0.7490122116662976,0.2608254696273346
0.9914800156281819,0.14716408139043552,0.7507696136294338,0.26120027963552384
0.9916741935790304,0.14573949347997905,0.7436261757728837,0.25821454355614215
0.9925114329252508,0.14536680944218308,0.7426763354226174,0.2607507240058754
0.9914308701257721,0.146791947305573,0.7405429699452364,0.25833395134582043
0.9866219758364565,0.15083788393078673,0.7377148096306662,0.25876368819914397
0.9861104067049118,0.14805293346382206,0.7394638513901425,0.2544629961523077
0.9849685329130643,0.14651467442728136,0.7412457658321645,0.25887879632167976
0.9844723893638276,0.14666161850092455,0.7381155887509263,0.2617147038557345
0.9805462122207887,0.14978365655415746,0.7414948387388456,0.2630543608789085
0.9789091863144306,0.14817270876707875,0.7403080876445605,0.26298354935039575
0.978894494143032,0.14740669129305847,0.7445914367305053,0.26288105512060017
0.9779405869425063,0.14720562677057514,0.7458637522173548,0.2606332253392511
0.9792234146068813,0.14674229271657774,0.7488197517253616,0.2572032389085253
0.9778163706345772,0.1486561055235772,0.7491368304584742,0.2580889894596508
0.9816892174871101,0.15100637652250493,0.744327948134706,0.2561034421208327
0.9863503228385448,0.1508226996483023,0.7408142345321465,0.2550663882381694
0.9863193883354121,0.15435172665677271,0.7448887897318419,0.25555574492705374
0.9889462191381759,0.15115828311302992,0.7407342647565998,0.2530120316687858
0.9892217204178622,0.1490237720424282,0.740548686680763,0.25685166053051317
0.9859852588819794,0.14879660053415053,0.7387272942201695,0.2555386935284767
0.9886068837857718,0.14712299472197032,0.7360373824870656,0.25302129413781715
0.9884388088262617,0.14662216223268953,0.737796362297025,0.25479732619394674
0.9880794269546983,0.14711612893671305,0.7339859007557643,0.2583504210246252
0.9902673751498343,0.1455653781584898,0.7372633716709567,0.25810356982555516
0.993560626715591,0.146521404039812,0.7364760313424867,0.26140114107475176
0.9911569807817712,0.14874615088273846,0.7335420988994493,0.2548056241003518
0.9909807352164466,0.14705878585547397,0.7326414324771463,0.25791893455237297
0.9931230625046832,0.14778200719553466,0.7340431141270548,0.2605198982068421
0.9894864232733935,0.14788874092186113,0.738717885010698,0.2613471695800569
0.9866287330280776,0.15022707976793642,0.7410793094966881,0.26513611610934146
0.9902577982167874,0.1492549622242805,0.7385531338364625,0.2655880160044839
0.9934687043401919,0.14824797223182623,0.7379688931592303,0.2656963417173437
0.9948638939817894,0.1499269628095341,0.7439752809130973,0.26165401853834636
1.001350742047869,0.15030102333827666,0.7492060889279948,0.2604397014937751
0.998070538864009,0.14866649075402724,0.7424179582103065,0.2608118928930375
0.9969784033820143,0.1498459506889376,0.7433312769225288,0.26184637248123954
0.9951714896210997,0.14650185318599906,0.7409334809593411,0.26333817674994825
0.9938235309694466,0.14388213600292496,0.7427853912625729,0.26457278148520247
0.9946949442815151,0.1440596122291229,0.744407377787336,0.26348166148177293
0.9959910139537606,0.14586050898602262,0.7337074144482201,0.2611736874872899
0.9999501745728798,0.14383515743934652,0.7271735916741597,0.26438369005484613
0.9959381152709317,0.1458727900804553,0.7334069065013771,0.2593279203679601
0.9924915604559952,0.14569598744961054,0.7371292553235322,0.2620163339502235
0.9950615032760461,0.1468929497492737,0.7333763080815814,0.2637731440625024
0.9934298851156264,0.1486265148202197,0.740603185806755,0.2644694767798777
0.9892148775958481,0.1476750203961825,0.7455485968411902,0.2638041616470151
0.9894209422396787,0.1490423521333409,0.7442822886046593,0.26534167386035107
0.9911562901599941,0.1485474871842664,0.7449965749049205,0.26644037716433394
0.990043696477291,0.14556707910959857,0.74684345639356,0.2683591616736671
0.992086572506102,0.14741646999720984,0.7447461783706542,0.26677728007051493
0.9905205729857698,0.1459071884864191,0.7398377467579214,0.2645610254721945
0.9880446811907714,0.14208905879648984,0.7419089545924046,0.2690241854412646
0.9882840960821287,0.14381150500196946,0.7430495827478566,0.26354808518367795
0.9853773959024514,0.14467816947932316,0.7419558639298455,0.2582856155311821
0.9814146116545588,0.14231043020462217,0.739752990028991,0.2559957574617656
0.9794525352148367,0.14249343140743143,0.7392171783562067,0.2570422154241561
0.9793050648278804,0.14447656814257703,0.7340082141061548,0.2561791888139396
0.9799641815746473,0.1431697641614963,0.7326047587128433,0.2606790148504563
0.9789716759032115,0.14594128836398765,0.7304634765324696,0.2583849465377388
0.97609788436372,0.14357471806452227,0.7299054387950081,0.2598687780870541
0.9768592223595975,0.14565507793880686,0.7245573014938009,0.25853927996151055
0.9764770615629055,0.14435730530006846,0.7178935307244173,0.2599072588014825
0.9768273127452005,0.14592963450982832,0.7213718609851875,0.2559084035730547
0.9780594598565356,0.1438504912832061,0.7261726697543428,0.25679924817952754
0.9725158151929322,0.14270765592664128,0.725005662876157,0.25746195104809644
0.9738103947984138,0.14106327364551058,0.7310879109885894,0.25531855064761655
0.9704355165670829,0.13676272590214694,0.722865679464575,0.2554943345799349
0.9710628901064218,0.13449120996575964,0.7222422521635072,0.25869212969991306
0.9731417119015092,0.13364448664558012,0.716966183452053,0.2611550405278307
0.9736427559579425,0.1362631864164633,0.7140147629333962,0.2604664989142379
0.976440626825453,0.13753977823449032,0.7116529051749134,0.25819458362273867
0.9777602775098123,0.14073387433554488,0.7081989262929702,0.2571126240239337
0.9755382360708973,0.14036448292950388,0.7040104016154006,0.256804467805067
0.9770358976070902,0.13932805079680377,0.6993019280640549,0.25718983500972864
0.9743209970724674,0.13840477873856818,0.7029059357069475,0.25802309753139685
0.9714313425820857,0.1397200777171904,0.711886182857906,0.25616784137427767
0.973631733465389,0.1407712237732008,0.7114245870801358,0.25970783403092224
0.9705110537314645,0.14305678441845432,0.7073399528736553,0.2537884013077981
0.9696801761049557,0.14346311109959128,0.7058773936676066,0.25248649419308244
0.9731663892155246,0.138873093601777,0.7015954248256687,0.25568138425464804
0.9712636108142597,0.14000179123519008,0.7058011705573469,0.25628977769934763
0.9761122461376602,0.13821257800030068,0.7019591769208277,0.2553202917272375
0.9791862470129816,0.13954978993459288,0.6994465675013268,0.2518179466055708
0.9765574614129229,0.14003063984079822,0.7069935370041565,0.25421751399927406
0.9730094698906323,0.1393963891549148,0.7024620572694527,0.2540696911143676
0.9725943361176848,0.1410931274025941,0.6980178353108789,0.2520806227187315
0.9730655906547566,0.14064979717840628,0.6953626140698206,0.24730891796449736
0.976756656569134,0.1404806994132988,0.6913020147479058,0.2513129173500668
0.9773844302987007,0.14197208631193192,0.6895031306419056,0.2510288443531246
0.9806281449949286,0.13911012470074272,0.6873550841505396,0.2546907385027289
0.9808573856231342,0.14010981028279923,0.6862266843958754,0.2630518291242195
0.9783747637548553,0.13999417604101924,0.6893148185965382,0.26343364546429854
0.9769552832983298,0.1405518424708083,0.6901380393304657,0.26340875574177397
0.975969110117078,0.13755273939170226,0.6860548095851736,0.2649278401284373
0.975207701429917,0.13676803796973466,0.6831328711291323,0.2655728459288247
0.9750568264201396,0.13328635657811275,0.6842947643766534,0.2643031802617199
0.9744989302638242,0.13355199938383586,0.6851669578605346,0.26536912888018627
0.973441422490559,0.13267555663361524,0.6913518589425043,0.26728665278394276
0.9754299015907277,0.1335962518060281,0.6915208515469327,0.2666385133283371
0.9708454022444252,0.13396923604263053,0.6921088529068167,0.26098032557633727
0.9736262794721348,0.1333337073057517,0.6921147003235971,0.26144424319034354
0.9706189360923854,0.13393120296461838,0.6975114808436155,0.25799415365584
0.9661791483514649,0.1368456207493969,0.6945821050547153,0.25838893865521384
