10000,1000,0.5,0,1000.0,2.0
-0.00783876576115551,0.9994710084863505,-0.0008023740427712308,1.0040396080862286
0.6521192390766584,0.8113945724576052,0.3265015304629115,0.9568204591678718
0.9806652565610265,0.7032623984479212,0.49945886547006996,0.9335591664201845
1.17754502968823,0.6213187811528104,0.5911808967556954,0.9167215436759106
1.2994130761304248,0.5663184609569593,0.6642000286827414,0.9129653677310696
1.3976996128350099,0.5255762134908004,0.7144761454814662,0.9103256365374897
1.4766236050496515,0.49505037416353415,0.7740897259552536,0.9086154065947125
1.5369756717513754,0.4722238598419667,0.7985519004656291,0.9193816885283089
1.5779702291126234,0.45265266096852275,0.8301212079127405,0.9126454145420223
1.6248047071916167,0.43167170733510135,0.8700669121798339,0.9161868143323084
1.6570768865687648,0.4148201471576594,0.8835171218820493,0.910400178084052
1.6819831364558755,0.39971954397082976,0.8904183018558026,0.9104899148094222
1.6957747178818146,0.3861512542762514,0.9059841156298452,0.9029317291915817
1.717955727195326,0.3751013883284108,0.9303349565532996,0.9059457365793916
1.7465209372967376,0.3621799038937199,0.9529767003570796,0.9028113452857289
1.7605472425305855,0.352737064491202,0.9603097984875245,0.904640981540415
1.77548795262786,0.34205780980499245,0.9894712899559966,0.9005031550524732
1.787172118813943,0.3355270665162623,0.9976539560101759,0.9124133151095208
1.7971262778082575,0.3272846520890145,1.0066838796697701,0.9153138611195027
1.8085231186057529,0.3206954413890801,1.0060205628209737,0.930824424072545
1.8154764242501442,0.3131333628968704,1.014285071865711,0.9327330396477199
1.8222324702187511,0.3072064822340977,1.0175062829065156,0.9371840522552022
1.8350922500797537,0.302981245341226,1.0343115055832561,0.9374187470987138
1.8416829311486647,0.3001431143583328,1.0571670171211018,0.9372118075011822
1.8502441903091493,0.29514086799139094,1.0686742730682672,0.9321578794991772
1.857798757295822,0.2917843208728191,1.0821619327608787,0.9277717587061924
1.8701750538683868,0.28793979193207425,1.0985805220999534,0.9307984803275843
1.8736787523119092,0.28563619837289017,1.1097803137939175,0.9204827767814877
1.8763703058162984,0.282220079041499,1.1216716171074295,0.9097948728927363
1.8828497187464188,0.2797722911931188,1.1339246750942436,0.8963453657337954
1.8885711735790665,0.27626930496640323,1.1410510207038673,0.8937782190572683
1.8909188462495499,0.2715776769561654,1.1316177245709707,0.9018422851231628
1.898375300460393,0.2710883371603517,1.1443307832142777,0.9077220676657932
1.9036758968153833,0.2670520882364555,1.1437377125392238,0.9172498084836955
1.9084763345973463,0.25983102165558963,1.1513852655278487,0.9210553072044179
1.9170884935838644,0.2533444539029222,1.1506027339258253,0.9429749539757066
1.917095181371707,0.2503434917977795,1.15991658573555,0.9442705109508047
1.9169685254760611,0.24449191406389242,1.1462374078767377,0.9619772981493565
1.9185100999734273,0.2431047655687459,1.1588658302064276,0.9653724119666813
1.9236978330332495,0.2395327411051617,1.1504774392776973,0.9827073735291738
1.9289254009836765,0.2368676779977016,1.166982071229511,0.9913203871537248
1.9305445925057247,0.23768082373448268,1.1757732738047082,1.00224271972203
1.9368605455298304,0.2323742174550396,1.164539167844846,1.0177604391256445
1.9416056521146143,0.2294249182383989,1.1773617968072274,1.0145142723226215
1.9423962665699694,0.22580983548424818,1.1889092628043272,1.002657173917912
1.9443307259909328,0.22149897285925219,1.1767501270571752,1.0045115478805977
1.9473370469387374,0.22074594286484,1.189323123983179,1.0065580620587329
1.9425007647364059,0.21701056378409947,1.1825172332768905,1.00763612577388
1.9424170840494774,0.21468446728565324,1.1839316635779131,1.0066441167956055
1.945286750665256,0.2134316094003508,1.1880624185821675,0.9935183310533543
1.945634114249783,0.21257850457478444,1.1704598782575217,0.9979664265954232
1.948462110237647,0.20820952913164234,1.1831299764667782,1.00791164294201
1.9518553046133265,0.205617711413597,1.1942015017390075,1.0062737682726883
1.9565387683420052,0.20362650437564303,1.196233299637394,0.9971205090842462
1.956615547945318,0.20248921055044425,1.1922620950244505,0.9985399068577782
1.9556561489874509,0.20119342236002105,1.1675957954324352,1.001070847608277
1.9559464413678478,0.20020158736936516,1.1861818169750207,1.0097939855344116
1.962755655044956,0.19660219029563264,1.1817755378019317,1.0155656914897235
1.9613121881593047,0.19564341307285701,1.1705688331112325,1.0188018869180382
1.9598588454561574,0.19460756485903505,1.1667128816706795,1.0302170419340178
1.9588966265414554,0.1940058516864941,1.1698807373994642,1.0341207020893364
1.9596814284998367,0.18977945540456262,1.1680366788782486,1.0390839298467092
1.9602840943594395,0.18783159577833677,1.1891924330169554,1.0358748937233682
1.9640153519343937,0.18523195873089077,1.1999430522763381,1.0430690109545249
1.9634803149185907,0.18651268101583898,1.189611467996124,1.0447769927994617
1.9668238155422444,0.1847830921582596,1.2116319977533396,1.039132646311669
1.964953227785027,0.18213215249736156,1.2218749311807442,1.0345125812803209
1.9659708721744458,0.18127471068663825,1.2273427870931353,1.0335823688829635
1.968363969502907,0.17937747243701566,1.242958765137141,1.0255033105446585
1.9694652978703868,0.1767636020748228,1.260383996376742,1.010673919178685
1.9708715611932748,0.1754099338128645,1.2649729450829563,1.025162660407989
1.9701776918159386,0.17523765059496357,1.2556827323616453,1.027361805567808
1.9723916597412448,0.1739123226599745,1.254463990679564,1.0264340628082549
1.972533953970614,0.17241691295136363,1.2635084214821959,1.0357523396566268
1.9719940735331405,0.17187916010381607,1.2538914921213948,1.0394197057363015
1.9724546215067589,0.1712458393189594,1.2649166940237486,1.0214388865080097
1.9735954687659243,0.17012172696227312,1.2667165103413616,1.0272247748040098
1.975423056203905,0.16864514749661033,1.2688501919377917,1.0212308856023733
1.9728362529301422,0.16895699230053027,1.2591880058678615,1.0394971992863125
1.9739228735559504,0.1678379566691949,1.248310802898461,1.0396725231881156
1.9770446014841494,0.16629327674458458,1.2632431796489292,1.0402981071615416
1.9748985590739117,0.16706558891146894,1.2766993216988547,1.0432857971195393
1.9763052763515625,0.16447471024430838,1.2760478276022393,1.0485255106913243
1.9761012256813897,0.16176545526171035,1.2617489233811645,1.0464893450446389
1.9758514800143905,0.15992042418045663,1.2620053258271013,1.0603745079504827
1.9722760912020323,0.15891761496039067,1.2326203734639973,1.0721458959920942
1.974703911926382,0.15777720507110132,1.2262622322664223,1.0845849670183076
1.974387123283926,0.15730260510932167,1.2130529328488209,1.0924244157139642
1.9733318207261283,0.15658956128908405,1.205506761107971,1.0951386406196286
1.9732380565763836,0.15497763079080698,1.205141633704427,1.093951223718737
1.9752853947144944,0.15316597248730085,1.1876005667132412,1.09628098171557
1.9769119404830617,0.15196866587892954,1.1994923364441656,1.1003292534268247
1.9751644250160199,0.1520299779356322,1.1970354445765239,1.0951023646115368
1.9740303132635701,0.15151955981748946,1.2141126263410926,1.0941119772802939
1.9752751198049325,0.15008957360380293,1.19422947425445,1.0974032748329265
1.9737537777609895,0.1495650227851198,1.1875046907971272,1.087401416927823
1.9745784237779018,0.15133716604484437,1.1801200242010297,1.0939879586670258
1.9752146519824585,0.15083345536594028,1.182427909708459,1.092898592653043
1.9755336182674201,0.14830213722784308,1.1619214551206472,1.106187609774275
1.9746853736863046,0.1460317600614839,1.1612387646191764,1.1111131614965868
1.9747252555754635,0.14370265394003667,1.1495844844526133,1.111030672731756
1.9750099963015746,0.1431050917125607,1.1257131240086546,1.108079656265047
1.9739607608245555,0.1445698328005941,1.134980420500609,1.1066166420956525
1.9763188983463333,0.145383535519996,1.1448381263751553,1.091069403594254
1.9776364535616566,0.143276756502906,1.1584088693117753,1.0788450568825674
1.978158183176538,0.14387285073738018,1.156097381365191,1.0679902013875822
1.9791561747170956,0.1417835970829442,1.1653279114347868,1.0724410503841444
1.9809520148486288,0.14027604793688064,1.1837637432738046,1.0609129222910807
1.9795500698706536,0.14018726914315385,1.1817256202981876,1.0710075425141814
1.9788692293525687,0.13889788310074397,1.1701857572843783,1.0608174796625345
1.9772672426449998,0.1379245677166158,1.1746756953050463,1.0653059167828818
1.9780648929078335,0.13738630817316372,1.2011965952046262,1.0548119307863748
1.9798481430583372,0.1368834490833023,1.204790351152455,1.0544916029321718
1.98011791999048,0.1370889450677719,1.195127853865819,1.0536785772401431
1.9806125108998418,0.13627522006677903,1.1866804530766872,1.047323614951107
1.9805566302249291,0.13585672901051268,1.1836249017008527,1.0414805268837022
1.9807716609722106,0.1328784972675559,1.1875841183286138,1.0494570342247787
1.9816141553880986,0.13057846039489493,1.1735661404853526,1.0465271010448767
1.9804604019187995,0.12900434365542154,1.1738255627461378,1.0365714331450524
1.9818280079204458,0.1280582424786332,1.1804149005238793,1.0172630514927814
1.9825466831861516,0.12743763296681845,1.168046413813403,1.0281761489245507
1.9814899415541212,0.12678458809404713,1.164903042296415,1.0400496230900664
1.9838843091745453,0.12410857460576029,1.1523485561946192,1.041664900294761
1.9840724256193258,0.12460082069172776,1.1581429037931759,1.0419420631881622
1.9848771670594103,0.12337873438503326,1.1370125435345018,1.051280563730033
1.9853851832721994,0.12445985527961344,1.1479257086826973,1.044104666902582
1.9845150248858954,0.12399276107345802,1.1255461826862008,1.0439465784761615
1.9849104877561843,0.12281132663177685,1.1150843963195758,1.051965645589465
1.988416804034038,0.12255428387270963,1.130166434123501,1.0515390452446387
1.9882988103127543,0.1242536322267192,1.1359232323416595,1.048584407155671
1.9876022863792757,0.12451413416809533,1.1475479960583002,1.0343218059212478
1.9884196905560958,0.12398998195420229,1.1496311398251013,1.0276713777656927
1.9886037004676727,0.12196135890006261,1.1468348702632607,1.026093602056107
1.988892467830671,0.12147474023704696,1.1559854303568766,1.0175047947832772
1.9866098954574511,0.12233332303475795,1.1371997926533695,1.0190132836563583
1.986276308398971,0.12257909758161811,1.1477950481112906,1.0223973780781268
1.9881340853382965,0.12342941748576865,1.1294969551616079,1.016876404890042
1.9877497259663996,0.12173014658479236,1.1302006154577853,1.0113462542801286
1.9866873408225691,0.12164480286242563,1.1360719992184658,1.0111039254451257
1.9862084304745644,0.12066586860707568,1.1387977689904858,1.0187857427315306
1.9843924719354724,0.12069227145996314,1.1530507148604923,1.0031510506255032
1.9818857275939075,0.12116707048422636,1.1721189780872745,1.0014674742570358
1.9825223194770814,0.11980607475425256,1.1777526340761488,1.00248912807074
1.982529606122242,0.11997073736604486,1.183546548943246,1.0071035620714688
1.9822994017149989,0.11900956746862143,1.192676497024013,0.9976073500326085
1.980039946915702,0.12046084165570034,1.2111352821391017,0.9967726820071574
1.980476888103996,0.11847317466390031,1.2073202250827642,0.993701528548278
1.9805261882563736,0.11805962774192955,1.2078608368298447,0.9860749809153351
1.980016066373917,0.11762639810939843,1.1989184208097088,0.9839748790834405
1.9799563553867672,0.11686032095703643,1.198504935010644,0.9784092569050243
1.9776041848241723,0.1169640940006817,1.215757258480817,0.9825854629201001
1.9790340487910523,0.11484252865533444,1.2114963788005633,0.9929290850769817
1.9813154512618083,0.11310864094623177,1.2006788210615271,0.9784561530906036
1.9814526377342205,0.11258547219641146,1.2052464632249995,0.980261087012491
1.981549907278154,0.11328744569063244,1.232566707699931,0.9866199636222339
1.9811545760494162,0.11210999897484603,1.2469349112977617,0.9876305943440098
1.9817857132247176,0.11024656122658952,1.2524773140539445,0.9783121732704539
1.9818600463760478,0.11103253445929825,1.2450305685511587,0.9736554112446296
1.9819943103326907,0.11171049447413961,1.2426043730083898,0.9769374419548098
1.982648082407942,0.11052692223165003,1.2528967670963138,0.966479828057271
1.9834886335022475,0.10863286011129306,1.2321494304697214,0.9711483758094513
1.9831238251075003,0.10834022358334404,1.230625616336441,0.9736889908445071
1.9825143608352795,0.10680576637920398,1.235045383014861,0.954220116325051
1.9828664428744505,0.10618980209945696,1.231638966620711,0.9566120053773124
1.9820325632864708,0.10521226767297281,1.234171835983924,0.9527812057207672
1.9831068878824338,0.10544195902805507,1.211875570605167,0.9432336123803436
1.9834331113637171,0.1033325309895773,1.2173492033898357,0.934262550134592
1.9839776055181013,0.10362795170566734,1.2206873301283023,0.9450227912699553
1.985064249838411,0.10267481261538097,1.2246202857644362,0.9318248299233929
1.9859654959899613,0.10319282359200824,1.216293958896671,0.9231156635002573
1.9861959867100898,0.10082992335435803,1.207565801525319,0.9254858639050098
1.986834927388719,0.09986216965774802,1.212907458630348,0.9258328796938172
1.9869810548389466,0.09777939467266268,1.2163661545036029,0.9094288231273139
1.986738315437237,0.09710055318769802,1.229688189177844,0.907442482909137
1.9889129269087715,0.09553207227878396,1.2342699761922478,0.8965651511648841
1.9875753762650086,0.0973409736483681,1.2284986688815007,0.9064123393640134
1.987044358101278,0.09727301300432484,1.2370845110763833,0.9187180336779878
1.9870506760587376,0.0948342987107153,1.2496185288985246,0.9150755271552122
1.9870710341897557,0.0957267288436995,1.2560681748249969,0.9240054512050246
1.9886688753636073,0.09337526156985941,1.2637792737934563,0.9200713140565119
1.9910463681531276,0.09279501394702508,1.260183745111825,0.9153558188061541
1.9902201075473065,0.09426236878223301,1.261707753436371,0.9097934424111342
1.9899864717365918,0.09383560237483879,1.26286700901378,0.9108399841897056
1.9911681679274331,0.09266947664864146,1.2539142605325473,0.9164841812449531
1.9929536547407112,0.09198838563397753,1.2551015783366908,0.9094475332758215
1.9935592252563674,0.09108493013236096,1.2714423794808416,0.9089234740742693
1.9945570775984045,0.08910954135511152,1.2541292244900117,0.916698407065796
1.9938580777465418,0.08947162327426643,1.2558261948995761,0.9131556109526897
1.995201520532,0.08896831288243223,1.2470240175592469,0.917558215090195
1.9953725199492063,0.08723083677684415,1.259738807438745,0.9195943765840319
1.9971108296303342,0.08784752920348449,1.2485310436990626,0.9137728026417984
1.9957833935346028,0.08734547430240464,1.242850512606515,0.8981619554275655
1.9968524533948868,0.08575738547094763,1.2299803091967756,0.8941836328800765
1.995944335079327,0.08510621402245241,1.21090711247441,0.8996439890081254
1.9955498917229575,0.08581537241731285,1.1997056939303192,0.8959775743625038
1.9975524013690658,0.08568027205387355,1.2070984556663331,0.8866234894413415
1.996843089643153,0.08550210804926732,1.2128412892923404,0.8929712246321851
1.9951496031610638,0.08487188066966961,1.2231535971384029,0.8880996669682354
1.9964359557042632,0.08358616976566938,1.2311858850312138,0.8801759347833682
1.9965327879855632,0.08212604573103517,1.2371869708742296,0.8805445010190714
1.9958811966056353,0.08082373992165971,1.2331675136090623,0.8842905612857521
1.9967664729826928,0.07948653909734929,1.2387361259265663,0.8822094390733702
1.9975067472278016,0.07841313737717795,1.236412457203988,0.8854113293930448
1.9998295008653855,0.07667166535728644,1.2466235719766543,0.8846274104934555
1.9988879295025967,0.07698501859406968,1.2399848119572963,0.9046294423308266
1.9996657505804492,0.07525035604609025,1.249755844266649,0.8958326895732157
2.000096212143484,0.07575168188525508,1.2599829038754817,0.8986648662695588
1.9992015998980617,0.07621862798545931,1.2847769179296564,0.8931344871260783
1.997373807541253,0.07675746895825447,1.2993551524567855,0.8964799820462898
1.9980769861448902,0.07607158116899727,1.2906797306075404,0.8965572756444197
1.9969036738036976,0.07722587187330049,1.30667631924768,0.8881786043273588
1.9973387320646034,0.07643970696832422,1.2994348600408248,0.8911086079138446
1.9978572351045447,0.07692859514520947,1.2995886010656494,0.8782121370881958
1.9983652107774044,0.07769061067298684,1.3024128614302575,0.8733902420121623
1.9999206536589103,0.07706903517827779,1.303111097927106,0.8655419477450423
1.9995373892580544,0.07637656254629258,1.307385117619484,0.8589909566621664
1.9981992053394362,0.07726762717519385,1.291855364306796,0.8657874010939139
1.999458955311924,0.07739665412717858,1.2869520310822773,0.8652405979079316
2.0007481518644554,0.07831505607862584,1.2936938877445006,0.8672867991114626
2.000894413547175,0.07861871982521719,1.2892162244136767,0.8716853243232848
2.001085512183752,0.07822019154052513,1.297022205147609,0.8786423616511911
2.0009543196252695,0.07775162022612324,1.3096965707906063,0.871068294519568
2.0000767619484794,0.07933225549479002,1.3005259059899792,0.8758655574576872
2.00129071565219,0.0788809602348151,1.3016037659918962,0.8780756657620284
2.0015627170713297,0.07950887743988014,1.2870032018602564,0.8829075874609214
2.0020145617150025,0.07933276068126151,1.2871877360193367,0.8872536325598942
2.00144155797478,0.08042559053569528,1.2831239456503156,0.8853248759727924
2.0010859133489247,0.08052518418854784,1.3075649390619892,0.8766903809169869
2.0010084220752002,0.08079007204286161,1.3059070646343756,0.8666069038163247
2.001511337770181,0.08147150091518261,1.3083412751223846,0.8586123184496937
2.0004911755645582,0.08191355070903308,1.3010944292462736,0.8632567148054389
1.999598664837118,0.0815556815298076,1.3112762438206487,0.8605710040640534
1.998976860931192,0.08175282989905852,1.3315051551090638,0.8573659288403129
2.000407157512723,0.08063287216451753,1.361525870782277,0.8367060601987002
2.0000193258424543,0.07989345772726779,1.3740313541703533,0.8322258099919377
2.000925809860416,0.07917246428415647,1.3854868142458163,0.834013122132326
2.0009641919286234,0.07934307837605077,1.3883280147320145,0.8355624576526638
2.000186119218151,0.07874632973509839,1.3843946112622483,0.8338702272561074
2.00167806755023,0.07976486142758246,1.3777368160359802,0.8365925292415289
2.003733847865107,0.07874923786994245,1.3759508167881318,0.8316661461756792
2.0037801519165,0.07948076782547436,1.3621303144990238,0.8313833486895386
2.004248085719427,0.07980821651158371,1.3402367848755847,0.8254040502239481
2.0037092998516246,0.07936884855241069,1.3317189807205658,0.8237471263412323
2.0028041785671635,0.08005254549331005,1.3387575414649788,0.8305280163583411
2.0033312916667816,0.08031517189180885,1.350810965622839,0.8252388064729387
2.0036123075655436,0.08180808844153828,1.3543662559845504,0.8156778234865188
2.0045143785615562,0.0814931870715564,1.3352726072003531,0.8165823272946302
2.004572788313403,0.08128748122898236,1.333012521457253,0.8248624679528476
2.00329296858323,0.08282656851931228,1.3423669856126161,0.811887853775095
2.004750140282386,0.08127210796470959,1.337141391749307,0.7951945481533704
2.0027562483804338,0.07996630516706607,1.340209575377626,0.8018215049532006
2.0020901342468003,0.07855021669072824,1.3460522200885747,0.7943465053452227
2.0014228479298715,0.07756813276783495,1.3477180650374356,0.7976579250960626
2.002676360784029,0.07841923741890584,1.343239940721239,0.796676926093379
2.0030368596256043,0.07862149269138258,1.3364899821824832,0.7861956941765309
2.003271089868448,0.07871110399611105,1.3377707481394872,0.7876341575815837
2.003387256590808,0.07899130409270232,1.3433318532388479,0.7800507747282468
2.0036577480980107,0.07813164563760708,1.339957317773375,0.7720327669248201
2.002809849321075,0.07805130411315692,1.3370753307688445,0.7696244917912997
2.0015564042200937,0.07816958665638761,1.3578710264212275,0.7617264179820407
2.001788721952415,0.07691117674225732,1.354815476362993,0.7717684345288863
2.0011351801216386,0.07690516616069591,1.3511279498703153,0.7692266282657315
2.0018092075098224,0.07673613733985171,1.350172717075899,0.7676474394007097
2.0011262172166475,0.07623970026729361,1.3456981346340218,0.7683471259812323
2.001722721852779,0.0758629513258295,1.3434887834946483,0.7730563033972305
2.002580499675614,0.07464212045878688,1.3395698033589558,0.7829846544928029
2.001658922313142,0.07430054652551768,1.3492879173583734,0.787014022388911
2.0015741740582125,0.07403499248519088,1.3503940459251949,0.8000580446546142
2.0020231462540083,0.07417215944240745,1.3416073178932566,0.7913615808915344
2.0026189173047895,0.0741323797184801,1.3354106416936622,0.7927488627192336
2.001508450781543,0.0738868294415205,1.3280890963262508,0.7926104879611288
2.0003355343297136,0.07301901346062419,1.3319698299508766,0.7898933202483862
2.0006382397419142,0.07248312489048356,1.334297352456396,0.7892998136451005
2.0006727483513007,0.07258365875930037,1.3429195657364519,0.7953632388819663
2.001601685428003,0.07351666546549476,1.333146073805432,0.7995198144067018
2.001935486542237,0.07243751391505744,1.3394780278381302,0.8035368860744208
2.0031759119931545,0.0716885565420824,1.3353661365740226,0.8089116238161492
2.0038395126927906,0.07123841189982927,1.3329187858889515,0.8011749285514458
2.0038520603341294,0.07109424869714356,1.3332619563606805,0.804810552786096
2.003841560671071,0.07117931781665895,1.3465100689642855,0.798356062827823
2.004455800414319,0.07080171097947047,1.3315762411850238,0.8002668762557112
2.0045505304949875,0.0702076190027205,1.3336157206161445,0.8021787979004912
2.004002244138359,0.06932782681046051,1.3386895444118057,0.7940116743964868
2.004582862701906,0.06894252713869713,1.3310208195201685,0.7782757106205666
2.002920293386506,0.06942486616790813,1.3171550450441152,0.7835416842219973
2.0027554880114895,0.07004847620700037,1.3057855085015904,0.790150501470956
2.0036963170296174,0.06996803285759669,1.3221695193278014,0.7863167084299884
2.0032234413605576,0.06913254221260806,1.3193151292288579,0.804750752316887
2.003002469591835,0.06839786723196524,1.3235582699451718,0.8068670237621606
2.002579188211599,0.06819508835326578,1.3163792119168367,0.803142072848201
2.0016923398791318,0.06914391040763007,1.3028075090907165,0.8085493514496155
2.0010034115499318,0.0689466371990811,1.298884893888058,0.8099388450165445
2.0007785727968193,0.06935246365623175,1.3093435428583555,0.8029751833911561
2.0009466135759575,0.06975836631456218,1.3082094148015815,0.8066885197334176
2.0009369093096123,0.07019418113198234,1.3106412480339404,0.7984449285839191
2.000356220403027,0.06983785804003644,1.3049339654399759,0.8051822126853202
1.9993930228572687,0.07082650839425039,1.305430322763514,0.8062266900836021
1.999990922541374,0.07026424569553842,1.3087397210366942,0.8099404468755622
1.9986609043838635,0.07004145163487191,1.3225195290846266,0.8074699857819784
1.9982565745432308,0.07019068907106815,1.31839515974111,0.8034638968085357
1.9984335731987797,0.06951135228398289,1.324732711769616,0.8004036612207176
1.9979385090165884,0.069101970724837,1.3257529884355987,0.8030087398748547
1.9992150987792283,0.06890316121586733,1.3343186978705888,0.8011273656691464
1.998949452326464,0.0689408422801965,1.3303481122732508,0.802906240559224
1.9990485571255308,0.0691758688957543,1.3355422238835646,0.8015978297345999
1.9998068734945718,0.06936726902958061,1.3254424344845661,0.806197582562025
2.0011959811453215,0.06964124173651674,1.3145794825208112,0.8182740074875836
2.0017222316046945,0.0687172191815226,1.3222585437665217,0.814949596573901
2.000595517921043,0.06870259586032397,1.2980042396984206,0.8185359574153186
2.0018000219546304,0.06859929406871645,1.3021522381577704,0.8119775528062149
2.0005521233906784,0.06919145865969108,1.303234583618006,0.8087073950855513
2.002449684961858,0.0680720322417933,1.3025136525800276,0.8095542845320539
2.002543156776742,0.06817942674094386,1.2982419245282555,0.8117366545868419
2.002501852289483,0.06840766081971059,1.2964683097683773,0.8191466905200272
2.003247426901023,0.06736464012842945,1.305156042409144,0.8149198862546035
2.001719778597491,0.06739434051281804,1.3138932306502022,0.8196377496591383
2.001910818306644,0.06735487369568467,1.3171019049063686,0.8139137634261697
2.0019465066754596,0.06751067818692678,1.3223891499122695,0.8177129082526536
2.0019514521782797,0.06776436807356193,1.328086557674259,0.809712446756634
2.001590620480822,0.06843338608516386,1.3200685942173167,0.8150416609154333
2.0027706342235514,0.06912451306313179,1.3246842192322525,0.8195112864982917
2.00221851596418,0.0690250223709109,1.3252480639162094,0.8101435137313309
2.0038760268772227,0.06766430827126324,1.3213025626381116,0.811766952496447
2.004257827990374,0.06692815994779999,1.3337918424670432,0.8082079318684658
2.004275221588291,0.06597868628669178,1.347343862920474,0.8041343023224479
2.0039251944924885,0.06653706909173521,1.327366859310731,0.8083957397337648
2.0039285292304805,0.067112601429502,1.3227750102861686,0.8073470685990005
2.002910693140637,0.0666686160791353,1.3382680409253949,0.8097220767482228
2.0035344523785223,0.06627894241627437,1.3427208198663347,0.8131018850318359
2.0027340627657497,0.06486989979604055,1.3284946578580976,0.8191166918802508
2.0014799328372637,0.06402535090516853,1.3377865797241848,0.7984006954924668
2.002265878362718,0.06385320286463653,1.3415331313329513,0.8050332564127907
2.0032268484237177,0.06308052655845907,1.3304090819832182,0.8013281671420388
2.002665861405702,0.06349565679413406,1.3127401000883732,0.7952098033671207
2.0026809170913706,0.06230159072725005,1.3292721113501298,0.7951873027983472
2.0028114314002257,0.06185469020548946,1.3402601243232986,0.7969237611989853
2.0026105188214,0.062186941573599525,1.3379853661453205,0.7975761302848592
2.001700446725037,0.06157820571505426,1.3198966308225542,0.7977548370362787
2.0010590826123655,0.062355105015336934,1.3188980249087718,0.801286167079675
1.9999572995516792,0.06205727123705056,1.315920791122387,0.7925698881976739
1.999308397787357,0.06110242345013477,1.312090402520977,0.802593908091805
1.9991203475905581,0.06078697137146631,1.3067320649465783,0.7953095357193313
1.9995205362855868,0.061200092949262146,1.319506542573093,0.7939212083852754
1.9993745016062499,0.061186413821989534,1.3226817625798828,0.795624127385549
1.998703330585939,0.059898941131488755,1.3323787652075625,0.7894203746194413
1.9983193073038645,0.05976785319962937,1.331389257166952,0.7933256114719052
1.9982819123758364,0.059330054683033664,1.3230645430180716,0.7957473958842601
1.9983332615010394,0.05846419247526904,1.3222203878512622,0.7921323987626898
1.9989237009135674,0.05871268561612986,1.305300540268483,0.7912906970296508
1.9983407633354862,0.058452175678426525,1.3058065685481934,0.7897159944222051
1.998547071123221,0.05805929319237336,1.3056491007238298,0.7811650450855582
1.9984740414993525,0.05762061492490188,1.3015959901766487,0.7848930617125311
1.997863522205066,0.05732532071372757,1.3118643109184165,0.7851179846020829
1.9974953928588453,0.05695343350939156,1.3135935830420584,0.7894708711179939
1.998269583417917,0.05683844163301453,1.3026335481814422,0.7892522377822844
1.9986797479127973,0.055936550335223593,1.2978691742602837,0.788268719362347
1.9984898021356654,0.05691150908801091,1.2901614059155948,0.7811807990765515
1.9986878204353609,0.056913324216456646,1.280460699133509,0.7802317602536877
2.0009793811170846,0.0572430982472691,1.2740049905982365,0.7909940328374087
1.9996833342189941,0.0565827483441336,1.2808098188842323,0.7921719422739399
1.9991708119368636,0.05562049603438106,1.2802625183972258,0.7853418123406128
1.999404655973645,0.05575541154321409,1.2713808770251163,0.7890027591703604
1.9991055467035244,0.05516277715884423,1.2637882324149101,0.7891658718925728
1.9987764585586167,0.05541121125738073,1.264141032999419,0.7852330723030959
1.9993960783940685,0.05499206452629526,1.2634071151080384,0.7901987676383131
1.9998411654250812,0.054607841362632546,1.257909812999241,0.7953777508819605
2.0000445322228972,0.054480611405109104,1.267344046802658,0.7966101784844727
2.0001273387378897,0.055118314695018746,1.2812391462676562,0.8009805935827851
1.9997760252391104,0.05438506108444542,1.2953310242990796,0.7980292597008567
1.9995839028245963,0.05441379801148286,1.2939499386185285,0.7900072992934031
1.999595260919688,0.05419835076993893,1.2948569415249906,0.7838026749544375
2.0002785363665048,0.05334625641960898,1.3012167738671592,0.784452772884792
2.000842924261412,0.05384449025960607,1.2910856708681968,0.7924227318867284
2.0015042542170445,0.053889645437613015,1.2941999969625868,0.8021361229508179
2.00236886707688,0.05400859709605955,1.2930301525320338,0.8019542780101658
2.0024571874419177,0.054045160934001794,1.283462222623329,0.8003851746754739
2.002627586232944,0.05405329683432823,1.2929139257894686,0.8039854405717044
2.0028115324819855,0.05382693113821891,1.2928845530967785,0.8022919485898335
2.003310870274556,0.054044184390621024,1.288021724509551,0.8051152615399216
2.0033036569077094,0.05474186655028404,1.2821131862803699,0.7994227585764964
2.0044048942075476,0.05378655961860312,1.2657050055974073,0.7962068708180512
2.0053903528315105,0.05389615006134657,1.2542554190346211,0.7985888986570463
2.005282973232491,0.05330943223091713,1.2530653870650532,0.8020963221647927
2.005541400675612,0.05358990293765076,1.2639223786447802,0.79706362528022
2.005544676134705,0.05394322196793009,1.2644684390509529,0.7893464688946321
2.004687051809839,0.052980318603454084,1.2644879141575742,0.7915537846920845
2.0048739788401257,0.054111269330023325,1.265098451701239,0.787213838392757
2.005239622871347,0.054436651358244686,1.2585236157102575,0.79166093904639
2.0046206114356044,0.054915471171823146,1.2527261138513568,0.7905212525921781
2.003312097673507,0.05522993020731359,1.254921305774609,0.7990465147925155
2.003487858219014,0.05559667168880182,1.2526385008514997,0.7990398496725312
2.0028137735939935,0.05580865610182538,1.2671281592428612,0.8040780484888965
2.00300531400966,0.05555633393702754,1.2739608603651993,0.8091793902759402
2.003304877895457,0.05629996407493008,1.2659739653401707,0.804503519936902
2.003039144285034,0.05534780440023541,1.2709710581933813,0.8167925950876571
2.0029474051667866,0.05516623583342081,1.2751410796242812,0.8104553741189274
2.001986518476697,0.05502745435028155,1.281811177058828,0.8018507644707453
2.0025221264713813,0.05428025651424641,1.27765851887539,0.8105253970252921
2.002937139779678,0.05470350585352811,1.281639434861337,0.8048817169371091
2.0047008852064025,0.054981558448417366,1.273946625606732,0.8082635743801563
2.0047064029376123,0.0550275247749503,1.2775420913713518,0.8016780943988914
2.004706950395684,0.055916826967309465,1.2930205140084698,0.8092434096905717
2.0031249010688015,0.0561628642747431,1.2972597881239234,0.8060506870718257
2.002817983135463,0.055137136114270464,1.2852300871907931,0.8120958850490718
2.0023355870477046,0.05518467531064872,1.275648622382911,0.8048056679802381
2.002273746838798,0.0546030757368671,1.2675616353841368,0.8008819305143761
2.0030838762049767,0.05428943301418137,1.2599061015520212,0.7979235249052844
2.0034847922519488,0.05476957056696045,1.250270599287297,0.789927202653261
2.003412092373635,0.05486707575370397,1.244306701314997,0.8002605948996238
2.003566273458022,0.054835552918093076,1.2310747192465656,0.8051310287291997
2.003809854521584,0.055288420366014876,1.24293942851312,0.7986266573284888
2.004132838144967,0.055389496642445794,1.2331384892167019,0.8072416973246278
2.0036718963300566,0.05605702333845334,1.2464712432873821,0.8017287781373673
2.003877582446596,0.055966102442824184,1.2362114836971705,0.8021425999495155
2.003682619633462,0.05599127193732004,1.2330209879115837,0.8089073758263139
2.003778597096071,0.05671617560404877,1.2368018025673055,0.8163422656233399
2.0032529069981204,0.05696966386530586,1.2354815781190653,0.8142179265285416
2.0035647982598026,0.05749147897785862,1.2319864562947855,0.8061850456527868
2.003552017405789,0.05691672582874015,1.2310226808437637,0.8070702383893787
2.0037426485191583,0.056735534744212834,1.2446280769337994,0.7980120502951179
2.0024717502947205,0.05631665952505838,1.2545487632988468,0.7957422032865182
2.003015948770822,0.05729782271359853,1.248512791019006,0.7979442289622549
2.0031642135453587,0.05698523915889332,1.2403852351417106,0.7966251599337043
2.0021029594172552,0.057083937691601694,1.2556457856163414,0.8042727513753077
2.00170857090133,0.05691501397141559,1.2544879969380909,0.8031340440716701
2.002550009075721,0.05745986139013546,1.2480163269140339,0.796654606262405
2.0027073573536454,0.057511920704356935,1.2561213796643413,0.8053848254316257
2.0028420116480325,0.056828267091750574,1.2660668622914242,0.8098204981065045
2.0040109908186836,0.057847874991646266,1.257898497834685,0.8170546972678109
2.0040179894778785,0.058082697103095354,1.248667522661924,0.8096998573595242
2.004401246152444,0.05767152181946104,1.2500799278884893,0.8149172769896552
2.0043026082525817,0.057611678097903116,1.242523618590077,0.8160539942197825
2.0046019074654615,0.057290813514397076,1.2383856566004685,0.8216275974515524
2.003853170828664,0.05682555294218589,1.248963675968588,0.8246841196341957
2.0039562628726384,0.057788548588443366,1.2354056214692244,0.8197769238095423
2.00471341139588,0.05772558381458259,1.2333587367719678,0.8197133126156237
2.004873002241107,0.05785586038219373,1.2176462602202587,0.8158594350792983
2.0049678149176327,0.05726714817750984,1.2158456231471404,0.8249299468176435
2.005858980038448,0.056984888260202295,1.1980839337778095,0.816175443019199
2.0054043832252706,0.05736909120991763,1.2100977271187348,0.8210830881208458
2.0053953865283187,0.05843028913905436,1.2111613356109374,0.8180325985647158
2.0054420001982325,0.05796997895689862,1.2048844744227771,0.816737066497874
2.004071106421472,0.05858009318842615,1.2155183185598168,0.8129751459207912
2.004936373512435,0.05815996606434973,1.2227721263291904,0.8126126571727309
2.0042446903902253,0.05815577368216191,1.2348276648750787,0.8247877319615303
2.0049243254742994,0.057769438536432856,1.2261757159199234,0.8246651363619693
2.0057338344225175,0.056856914384222024,1.2223776916778604,0.8290880259597638
2.0058281522344994,0.05655783056760279,1.222005865647682,0.8371753668266261
2.005982962106827,0.05588449655011748,1.2153227248421676,0.8452290895800174
2.0056821043944626,0.05634838169472652,1.2385602556776238,0.8367161592043105
2.0052915701814427,0.05648482895941344,1.2425286414281684,0.8387569396816942
2.0069708850036516,0.05580105354869719,1.2336497836787625,0.8473965001617071
2.0078353449511814,0.05659965878869301,1.2284977845633442,0.8481369921957629
2.0076952186950208,0.05681041294799012,1.2258212720427626,0.8494025519380979
2.0075717615271973,0.05643194288104183,1.224622242017428,0.8417301276271141
2.0070543235091227,0.05686664110717094,1.2243671725103804,0.8454038265019177
2.0068887103214643,0.05714914975740685,1.2243479878155397,0.8429112964450256
2.0072674516937856,0.05817093915187347,1.2205444342111278,0.8458776522153462
2.0059051712615656,0.05786964502023174,1.2162782157116865,0.8425154496059677
2.0068748064793915,0.05797547060551274,1.2155925027927743,0.845397039953767
2.0076236760033352,0.05816653458882849,1.208059875752638,0.8517150844198607
2.0077655165751054,0.058211043551844845,1.2084051295217637,0.855125920147385
2.005948033497969,0.05854321726494321,1.228499007007362,0.8606212278670252
2.005167004826072,0.05786160003091968,1.2408122225010219,0.8567946507024824
2.00487363677966,0.05775766528392786,1.2411696300451764,0.8567879412310775
2.0057012794029463,0.05791622581224473,1.242575249031552,0.863374281523797
2.0047276885857985,0.058088080441013566,1.2442228074644401,0.8689226017930928
2.0047706131396974,0.05732912432281331,1.2447520547330273,0.870472017781338
2.0053933306646208,0.05705181651798282,1.2523196667438419,0.8826479313811971
2.0044485990667114,0.056657670147077836,1.2516752440828705,0.8920855275461055
2.003854688327775,0.05676219857179888,1.2633926830279234,0.890708463810482
2.004163693572893,0.05636101676449937,1.2607197408989936,0.893371014558028
2.0052618867904295,0.05675809327280538,1.2552086986193494,0.8899351667900047
2.0040980461344606,0.056766456006014654,1.271371307833097,0.8856778852084405
2.003923279662775,0.057300842506268476,1.2678387557882873,0.884211691524397
2.003727179193261,0.05567786646501984,1.2647884305094543,0.8890633586837502
2.0044087653307443,0.0555877665132036,1.2645946020485634,0.8922556227815798
2.0050252849243506,0.05598511564693527,1.251163087317315,0.8906670568482363
2.0050330135781427,0.05584641025729038,1.2594814734552886,0.8933502210279425
2.0050369678822424,0.05629525780800121,1.259576481864048,0.8973305585686103
2.0046157744385105,0.05653783776183987,1.271005304391157,0.9024065055438865
2.004086052743224,0.05681563799536985,1.2749928879648054,0.9022073716478044
2.0040039916957446,0.057140552912915005,1.26893383181448,0.9080169484001616
2.0043859419508117,0.05698560195255246,1.2695739452176407,0.9087037517169211
2.0038524772730613,0.05689302969060491,1.2793346179836418,0.9081611739485204
2.003286927621129,0.0572265781962501,1.279774682739287,0.9073772199975723
2.0032409997048553,0.056874828967939425,1.2843517850823198,0.9046498575127304
2.002638194013991,0.05643118693876125,1.2847147526169271,0.9023774389313143
2.0034245054861652,0.056764862240411204,1.2690863533446026,0.8995536748736056
2.0034864377198027,0.056362323823293425,1.2647745963843484,0.9019994808119937
2.003472741347705,0.05671822732223978,1.2619267819794366,0.8951495305394944
2.0034485585730653,0.05687614937308798,1.240578038816915,0.8859811425315611
2.003175882152712,0.05671779723649527,1.2420108913806087,0.8730154991506834
2.00354732086366,0.05664509520565682,1.2351639015513312,0.8763143234176053
2.004011500473655,0.05676173190913557,1.2302797891233386,0.8799623519797957
2.0054324129055456,0.05738380295310733,1.2123191982122714,0.8683540479105235
2.0050460503750966,0.05676757249366009,1.2127209166219126,0.87081169090901
2.0053315406895207,0.05688357183348088,1.212882719068047,0.8757437758712765
2.0053247344325387,0.05721477300098879,1.213788040093819,0.8802471344711286
2.006012801262158,0.05771565669301728,1.2145560881128619,0.8757580734469171
2.005907235753235,0.05768971005092273,1.2282967004866667,0.8729360365274328
2.0056999096601347,0.05796181397071661,1.223244164528075,0.8750583782907648
2.0053459792605257,0.058479533666769834,1.238073931287918,0.8822170013458756
2.0049069056528217,0.05833641944573218,1.2525772731866338,0.8797840476156147
2.0043812476372715,0.05842087801193612,1.2468030323932235,0.885516940608567
2.0032646699645023,0.058824880836457566,1.2552515972038734,0.8831506268637817
2.00290322529601,0.05895345063088408,1.2564058742052104,0.8861259976994654
2.00383743343662,0.05897722765568888,1.2449405473799169,0.8951545124914706
2.003328762445928,0.059384888233488725,1.2410824457002558,0.8794547382431701
2.0037749981995527,0.05930006376567797,1.2405536358975102,0.8810291767228914
2.0034042998436967,0.05949092397977275,1.2499933306616968,0.8806082979294001
2.0037857402296604,0.05899345874205198,1.2569732426076998,0.880307803586037
2.0028877260885083,0.05884487519232254,1.2632333610158453,0.8722924094781619
2.001890585717914,0.06045729388413246,1.2717518542541693,0.8679555610505297
2.0020506774041005,0.05992321881409229,1.2719220247149723,0.8687042374240087
2.001668977852335,0.05930063668179808,1.2906613102367102,0.870894452599394
2.0016317946161353,0.05995804052226138,1.2951138752471978,0.8715282545294392
2.00147404462339,0.06092572008625145,1.2887501380227073,0.872308936311318
2.002193152988513,0.06074692524109981,1.2781647275378114,0.8705558417195642
2.002383560962601,0.06039767097351338,1.2791563039611895,0.8625568673577997
2.00237775771472,0.060716222928770165,1.2538378751334818,0.8589160492000626
2.0017228372161524,0.06074335009870502,1.257137261020103,0.8578765812384301
2.0027205935181973,0.06001849820784209,1.2620474664662154,0.853406315650803
2.0028531369866314,0.06028507256944864,1.271851673522759,0.8541750442399744
2.0018790618925753,0.06018722914971048,1.2843565906771943,0.8629384305480734
2.0020219561933823,0.059945038151612944,1.2848741214614547,0.8703874982318458
2.0015119663218477,0.06020486599436016,1.280334628789568,0.8663785084500415
2.002401811018096,0.060918144587237745,1.2680085290197252,0.8648385255579121
2.0011418975221837,0.06101412040641704,1.2570696607493377,0.8603997243147379
2.0009924355005078,0.062139299832159066,1.250476794932508,0.8673879297069447
2.001687358646179,0.06162588890916229,1.2418032877268432,0.8613608582583479
2.001692670958834,0.06202755377815439,1.2506094952381461,0.8643844448433742
2.0018130460570696,0.06248464738423622,1.2465928289805701,0.8600503902010026
2.001744017217238,0.062388387961969057,1.2495010482120472,0.8602001961059601
2.001672199826861,0.06263264558100828,1.2678234776398936,0.8566897171707424
2.001991902485926,0.06224026469660526,1.2639295517579352,0.848060299913487
2.002539030396071,0.06225659365244047,1.2573385755359516,0.8512978132281946
2.0016227889511073,0.06145996810551624,1.2585886419434842,0.8449515927266767
2.0011169847174832,0.061072953780547695,1.2665887990462927,0.844085956079904
2.0018213797087636,0.06150707730325029,1.2626593338990122,0.8432772369855072
2.00165575135994,0.06062300687111112,1.2697405812482945,0.8530834162819925
2.00194708584657,0.061448313151770205,1.262286109506994,0.8410815127191111
2.0020462134340336,0.06070799418520123,1.2629260514576115,0.8452309719855099
2.0016684445444044,0.061071896175090054,1.26804569939675,0.8526169028954129
2.0009902406264786,0.06149019045867964,1.2709575292827522,0.8523327734223559
2.0004224896218004,0.061592364192055105,1.2871870061960942,0.8510748486308796
1.9996083509689444,0.06058636609036593,1.2872864447361443,0.8604890786888799
1.9993234702005946,0.0603543582467028,1.287876434508241,0.8635874044256231
1.9997421313883201,0.0607944729229542,1.3003788802118081,0.8513635693577185
2.0002529067922006,0.06099727644905931,1.288050727684518,0.8469194630745529
2.00146550216065,0.06099254788931617,1.278520596891431,0.8485170743310153
2.0009719271143536,0.06127303976892121,1.2694908249660954,0.8516306457513848
2.001202760975002,0.061143062997010056,1.2535867834822685,0.8544884324791756
2.001812900559547,0.06185531601011645,1.2476355622296709,0.8469809775942956
2.001764416956446,0.06188807410049823,1.2360835344341266,0.844466162051929
2.0005292520265416,0.06257231186766155,1.2474544910279826,0.8441647487185656
2.000596189619444,0.06206522406983759,1.2411002363051544,0.8533710037988504
2.000894607552191,0.062156377010369,1.2465669565238733,0.8549686225014597
2.000637952587628,0.061246862342820174,1.2507568615213773,0.8562900519091754
2.002025597447783,0.0610976000974837,1.2461781293304934,0.8600242547561853
2.0026789250089037,0.06125744346773428,1.2495271095039864,0.8636143988072016
2.002453581234515,0.06206602019293381,1.249613264234061,0.8604909884114612
2.002497753747156,0.06203059713824712,1.2517223098517127,0.8668210521801791
2.003744255665544,0.061685291889305785,1.2644418579286087,0.8642504503777229
2.0030371769784994,0.06172391191337103,1.2779894398026088,0.8749408257304093
2.002620318884316,0.061872279792762254,1.2815923269999345,0.8813843395158694
2.002391327040541,0.06293421558258366,1.2799164671348582,0.8816488550338527
2.0014773075287033,0.06327351931380815,1.2954347989468795,0.881961224249528
2.000719679255583,0.06318132210734062,1.299627856132221,0.883528370671457
2.0014336383557207,0.06342930749848005,1.2918176955357374,0.8729128106275055
2.000961452007194,0.0633953289250057,1.2902104508636374,0.8755745071187867
2.0005012172551035,0.06360054395421519,1.2992446561048996,0.8757872806963402
2.0007484385373755,0.06381720762164296,1.303824040245075,0.8769709272879486
2.0005834468088524,0.06439081410413959,1.2918575144556441,0.8805529388898287
2.000809413577867,0.06327500940413697,1.2900183651633885,0.8742442037800414
2.0012007103701213,0.06351217975327364,1.2946571685377855,0.872696983073244
2.001049806426644,0.06340682342885193,1.284127299286599,0.8719199934309662
2.0008653616815755,0.06339611920151304,1.288776228635771,0.8714797510496199
1.99964106339366,0.06451707686848251,1.289081414599234,0.8686378370470247
2.000521301026194,0.06537314258798266,1.2777850242684998,0.862199761602266
2.002005429986388,0.06483762695705622,1.2637626575462175,0.8540184617230747
2.0021992031121876,0.06451327558036382,1.2530619905166935,0.8504304453183898
2.0012380391238156,0.06388920053744628,1.260015966688886,0.8518882539835831
2.0006492800043594,0.06462555019332464,1.2508761725081798,0.8478730797305023
1.999604532435654,0.06559345481533192,1.253759762097485,0.8587908865993592
1.9993191759569875,0.06531826929369042,1.2482220031495992,0.8571762303275762
1.999579130612293,0.06509350701590365,1.2358877466841633,0.8525658734201544
1.9993559343583847,0.06458932857809686,1.2248574365077978,0.8611457305529412
2.00044995048817,0.06383886231892076,1.2105362282130405,0.8487577777625576
1.9998175750572154,0.06393047506428201,1.2068367364593506,0.848708572177061
2.0001879952022645,0.06397597313171424,1.200739222827613,0.8484338769563927
2.000741387689826,0.06428912734414809,1.1927765437695879,0.8503133379138738
2.0015192524871415,0.06378080577388977,1.1819179272675955,0.8486241650364293
2.0010378985151847,0.06392578883113058,1.1879590745431368,0.854117971819815
2.0000140060202733,0.06405884409750061,1.1903688914175459,0.8572622746775691
1.9989622078833098,0.06470658021738832,1.2035944649777925,0.8626190449545881
1.9982677733745398,0.06564228059216139,1.200506078505276,0.8702166772931919
1.997982438133056,0.06580913184560012,1.2000521045269819,0.8653148601029903
1.997720255646473,0.0666567454968093,1.2016222761835833,0.8674921015093965
1.9980907495257896,0.06714960649455146,1.185718658989036,0.8540457925127611
1.9980797684715956,0.06678804463421793,1.1946633705908625,0.8475656543154859
1.9985028289984836,0.066749882205942,1.19875425241949,0.8626437325925778
1.9979794067665206,0.06568349295092445,1.2124972129634124,0.8609508964334068
1.9992114925333186,0.06522012234364048,1.208131664937303,0.8639046976585913
1.9978269779651807,0.0657496990914571,1.2117951008037784,0.8636144970124046
1.9977891225667932,0.06497827322789407,1.2065813241675132,0.870100018388728
1.99768974454201,0.06534843381078831,1.2207295297702134,0.8772236622303774
1.9983320893888001,0.06550611926137748,1.221704261819667,0.8859450989550721
1.997896734681202,0.06471188943125629,1.2304460124102305,0.8874663678036487
1.9981205743043724,0.06410713148293266,1.2405682561498004,0.8927324048025745
1.99942086199992,0.06365221720494672,1.236938525319421,0.8922068056043347
1.9993949702611997,0.0630161046527304,1.2360649004314441,0.8930292458587774
1.9993796180237302,0.06285376718294715,1.2144906612811392,0.905460422488213
1.9988093394337851,0.06332991175194971,1.21556148084948,0.9108016393393249
1.9970438224914266,0.06309559290614511,1.245059322898592,0.9130750930371055
1.9974163517533075,0.06271053522921173,1.2242835112614354,0.9075906798130073
1.9971953114091145,0.062148846812839366,1.2177452653450773,0.8959901027022906
1.997364102510186,0.061450374146587015,1.2100587472829152,0.8985791264162865
1.9970920634649418,0.06135758619695336,1.2158771840928915,0.8971292138199759
1.9969299112271124,0.06118101385307494,1.220680645204737,0.8953800126972846
1.9973248301136879,0.060582314524349014,1.2321071600496067,0.9002995938097514
1.9969243844345128,0.06054946929411603,1.2534440001523,0.9100555043401972
1.9966694657184603,0.06072155619046322,1.252193431821305,0.9103414325237106
1.996743917676928,0.06099671182655517,1.2644261114725264,0.89784699136646
1.9961735631725048,0.06043447935841138,1.2721227028351836,0.9076286118767635
1.9959635378467775,0.06064365905317219,1.2772653749794256,0.9029472948803474
1.9965124809916721,0.06025940375817244,1.2846440351176323,0.8993866583212091
1.9964099518637428,0.06061995224963884,1.280631208481234,0.9002995489684038
1.9960197277779066,0.060500093031380306,1.2734981643486707,0.8954664866798756
1.9956532488182896,0.060691611075159586,1.2700303783704836,0.8899425782488772
1.996306442827856,0.060259352190935714,1.269433606978651,0.8942439242432472
1.9961970631102544,0.06069836752126055,1.2625474630757085,0.9004602345550636
1.9964287941523557,0.06068179083246279,1.2458969580022132,0.9006852098155068
1.9968884923395243,0.06015401698568914,1.2396570814156276,0.90040638802472
1.9977154999169808,0.060195605642701336,1.2300903657189133,0.9095549126065751
1.9975494469956772,0.06086142211430561,1.229328596976743,0.9030038180294667
1.9979184319669727,0.06098713543566512,1.2236565848984442,0.9058543613014243
1.997429644027188,0.061595753052162056,1.2290277116585413,0.9047874879466126
1.9985569185425287,0.06124692581147911,1.2281298091608406,0.8994029447231394
1.9990418049368865,0.06106852865115366,1.228552166463874,0.8905901158034725
1.9987523901440682,0.06109547882826104,1.2278158512616555,0.8822433491388953
1.9980886659710624,0.06118939475727561,1.230964130076596,0.8877898651901455
1.9984678731415944,0.06163584063255598,1.2343762119393582,0.8873307311720658
1.9988159129907839,0.0612711665549159,1.2467998496378907,0.8824768211577918
2.000349489498911,0.06063855073346368,1.2358377049125613,0.8887050980080027
2.000532788379634,0.06031943748396017,1.2354010501710384,0.8933507898495769
1.9991254784551755,0.060177323573474155,1.2334192865899807,0.8998849231175962
1.9992724458231133,0.05986765803439032,1.2378023238872344,0.8897105687525432
1.9983921111006173,0.059765839530407705,1.2460298167469541,0.8874728277696855
1.9978588410048854,0.06005141331864387,1.2611174255712256,0.8918708331287658
1.9980528955576775,0.05979235497722943,1.2525211359095527,0.8946628459133366
1.9978764939267706,0.05985922398296656,1.2599561361246328,0.888473320901411
1.9987434670417075,0.059305157255835066,1.243090889294414,0.8831101526603209
1.998726816441533,0.05953592413937037,1.2301599179437532,0.8835604220205167
1.9985156340753012,0.059753625691986965,1.2144081225389316,0.8899491554497436
1.9980596042861853,0.05996515245243893,1.225565880975547,0.8895085848254052
1.9977750770823313,0.060223458478780405,1.2313079510410692,0.8810812155671117
1.9983041420200311,0.06027169729847956,1.2304185598101864,0.8742580893947822
1.9991716186988018,0.0598244722345402,1.2233625853963608,0.8704946016894003
1.998438459047705,0.06021333388295508,1.2163500769828723,0.8636902519244085
1.998169791662102,0.06043430857097905,1.2235424160625858,0.8662180350896621
1.9977470028226383,0.060799358146598974,1.2162030771745118,0.8650973780505257
1.998165792862297,0.05989316160934549,1.2247614855175495,0.8627013493715617
1.9972730551352798,0.06025057887364051,1.223109805708759,0.8636381423394744
1.9969622652039896,0.06098207645549357,1.2158241010208066,0.8698557340071859
1.9976248597178714,0.061308027063233524,1.2079986592194698,0.8707616349769634
1.9973336510940938,0.06177391410668995,1.2013155201420074,0.8756044216374149
1.9970130733854239,0.06169549370002088,1.1973730722341775,0.883265759380695
1.9961774058678834,0.06216601868583359,1.1991279145760876,0.8930865561220336
1.996147671002587,0.0621282322509594,1.1991786922660217,0.8926090718916767
1.9961370424193603,0.061954877805233836,1.2096310258189498,0.8951432769668385
1.9961706541972395,0.06233809269844317,1.2115874512210096,0.8857043265163493
1.9958724122633325,0.06233550671720145,1.2106642433471946,0.8808975290825088
1.9958469021702723,0.06219107207241154,1.2098947555422863,0.881928065855871
1.9959480535142167,0.06256417621397331,1.2065832201937063,0.8741628978133275
1.9961253055190384,0.06198462409492814,1.2099412520873316,0.8720324089827012
1.9960891995929688,0.061348577399846324,1.219436617279412,0.8778747514898507
1.996070935571345,0.06077910333151346,1.232210204026688,0.8849707851897195
1.9958888958460346,0.06073005995880308,1.2395850604765062,0.8864863108205904
1.9958961476776687,0.06034723735374417,1.2460749408078176,0.8869657483601882
1.9951464367123095,0.06019347722237557,1.2579991018819294,0.8893532054699927
1.995555348181638,0.059721022349483094,1.26834066997634,0.8857035853886167
1.9959693196936492,0.06025690759537231,1.249182770487558,0.8928795488111049
1.9959384651266934,0.060896101872316574,1.247612086388418,0.884298199882238
1.9963640017843842,0.06084459010571422,1.2498356451702488,0.8797691691851068
1.9964799813846101,0.060815591892295004,1.2400102754049884,0.8775821180893815
1.9968335406652877,0.060688105987625224,1.2408597811024402,0.8705289980154641
1.9966149054851006,0.06153109120364006,1.2405247405534496,0.8684099256364723
1.9959126713415858,0.06181168043958375,1.2502749583678467,0.8765309161231695
1.9956881601574634,0.0612165053054899,1.2472939720542406,0.8780676854826134
1.9971642518439319,0.060270039660589594,1.2339653499179184,0.88610402000663
1.9963628108126974,0.06106838106513359,1.2334940246329464,0.8801725381623491
1.9958706913751332,0.0613792880910664,1.230955140154777,0.8872142592937963
1.996682595870908,0.06179855953568538,1.2260566341331451,0.8859312949017637
1.9964489961930731,0.06162740660587898,1.2443981788049074,0.8951027212262928
1.9959533734799513,0.061759896825283774,1.2341776502750301,0.8937594969904593
1.9960616787239607,0.06183745903966499,1.2274382656974987,0.8872102097177021
1.9964323435381688,0.06297942552207096,1.2155829030574485,0.8843403924307921
1.9968968140553873,0.06316739347018861,1.2084074902920898,0.8806723728939908
1.996240553107872,0.06282400695406724,1.2138037398233774,0.8777788335313969
1.996097887206401,0.06265866090938522,1.2113775604744228,0.8886389930562985
1.9948887020221406,0.06348561946676985,1.2161617798328277,0.8851535579657711
1.9959570400371485,0.06302457016968244,1.2036408385091468,0.8827454281714517
1.9961772014707244,0.06250550951917228,1.181575107489741,0.8857503388385966
1.9958085254950437,0.06255758624172465,1.1906384775448393,0.8767596457545342
1.9954615937308282,0.06343459612403156,1.1844235382219872,0.8733250226915709
1.9969226822754849,0.06414036198628414,1.172596949754794,0.8768812667577063
1.9972490143118073,0.06524494926600373,1.1682124860701024,0.8744934787031389
1.9975189770136825,0.06563960759180675,1.1676031444601114,0.8755868844434841
1.999248496178322,0.06489315119184394,1.1664460450430936,0.8703421202924758
1.9978922830193027,0.06563089270831522,1.1744898352438697,0.8736281002222634
1.9964178404972464,0.06625699949041776,1.1665688047701108,0.8709344090416097
1.9958118295960863,0.06680440003424969,1.1747035725772323,0.874651466070845
1.9948591256494768,0.06715014506370409,1.1727515392286703,0.8774794398832115
1.9960582871127945,0.06656879765020708,1.1645887852064787,0.8722819101717866
1.9954995739753751,0.06660491317700026,1.163464818805402,0.869567323155012
1.9965073376820475,0.06627638308223145,1.1665109659394752,0.867311926115661
1.9953841069271847,0.06581200001839708,1.170771411764268,0.8705647796385344
1.994792816557155,0.06566370544070922,1.1721727565172309,0.8715639435960995
1.9952534971750833,0.06520757478223034,1.1770610859621546,0.8819944277106224
1.995894189382682,0.065105292622507,1.1747118998149804,0.886458232278394
1.9951896112117342,0.06567323949264205,1.1875488313922749,0.8818188939425355
1.9949414829803573,0.06536942132740599,1.1932410164055407,0.8810155694292998
1.9940341642894204,0.06643917192185557,1.2009207876194046,0.8792167831364014
1.9938689593409697,0.06651413774015878,1.214405437196137,0.8827252847903991
1.9940761466359422,0.06577980874385433,1.2034773217451886,0.8705712767814329
1.9941040953984637,0.06594170684424923,1.196852411475993,0.8783129977532618
1.99312329458721,0.06626001060555098,1.2032876091674938,0.8786810926589094
1.9919499241175795,0.06755922871845196,1.2054052736249279,0.8737897163335783
1.991625161556906,0.06799455850382652,1.217730271575587,0.8730654233817089
1.9913961857568887,0.06808122033930743,1.2203159960674967,0.8855303162459061
1.989616444555909,0.06873162726045455,1.2241158790182867,0.8843772890666751
1.9887519879907556,0.07073145507082826,1.2224066550654087,0.8819671077758298
1.9882033635916796,0.07033519020983854,1.2273596903999466,0.8853067595443074
1.9892169064570087,0.06969391459956001,1.2124947822267276,0.8851748815161341
1.9896638926727042,0.06971371865472958,1.2091446955785639,0.8773036114073478
1.9889867346423857,0.07047478956507758,1.2175240090127748,0.880440939128702
1.990175909168916,0.06997441989027971,1.2265969900424676,0.8885017188657837
1.991343174249424,0.06962842135144946,1.2163488863873106,0.8838730528910719
1.9903507742362911,0.06975330435078068,1.2316112673464432,0.8851700216529159
1.989674191084212,0.07002030281693729,1.2200213887080564,0.8833264665571355
1.9889593267544485,0.07025572754460456,1.238528661017134,0.8890181683977931
1.9889917513647408,0.07010812980898093,1.2375525619114205,0.881857852522894
1.9893232114234518,0.06929621741498646,1.2302864085910008,0.8717817641836768
1.9895381496536833,0.06871962003227944,1.2296302487535347,0.8674369438294295
1.9882693932190767,0.06905532360253253,1.243923224937516,0.8691258961472014
1.9894847181736393,0.0689682816548622,1.248963925717253,0.8684140918918655
1.989911610063878,0.06850195385441256,1.2473825563716343,0.866728227513931
1.9899743216115156,0.06853629531971324,1.2427790324501502,0.8677356140280217
1.9903292344927548,0.06900202016205036,1.2316880052852766,0.8650409738459859
1.9910931357410728,0.06835370748460418,1.2343226102439822,0.8639762581610411
1.9908776480377186,0.06832181154363125,1.2413105812698768,0.8641754291043391
1.9896846752098936,0.06857293097339878,1.2444112076585954,0.8636660166774495
1.990099295108029,0.06940001451260935,1.237228712282106,0.8665863966090246
1.9895940259538372,0.07005963278958556,1.2416938634488197,0.8659681579902245
1.989952106283223,0.0690244238203519,1.247133087866666,0.8611786366551217
1.9905221035393672,0.06903321068904164,1.2555003733365047,0.8648607210138568
1.9890253549229249,0.0698076100120737,1.2632098955542133,0.8613496657055676
1.9892972390319525,0.06951233754187565,1.2558535741801686,0.8629299197045213
1.9885787048286656,0.06946510947250917,1.2479682358785151,0.8641838164844028
1.9899142702076598,0.06903920623533898,1.2438899306730697,0.8618406138397928
1.989652699840765,0.0691037880238802,1.238376502168192,0.854519098717125
1.991499545987582,0.06832684685270356,1.2147062990519928,0.8500552650030642
1.9922391299130064,0.06867224943842098,1.2106430786561744,0.8462040418606622
1.9927316232396286,0.06803882758797226,1.2077786346725037,0.8460124467039601
1.9926205877982233,0.06743631174640781,1.1993789072461796,0.8430214396311929
1.991527540595187,0.06813734169259138,1.2079285552545331,0.8498842633005811
1.9915763984983095,0.0677319982171207,1.2005044785037053,0.8480429683798621
1.9923326816142584,0.06732115780271693,1.189112207546871,0.8441219188729283
1.9911494577240592,0.06793111186552349,1.2064653692436356,0.8549700332751112
1.9909026549897018,0.06784034371906988,1.2049154547683703,0.8517545597661559
1.99144518749575,0.06758041930744059,1.1896042495111505,0.8543836780585916
1.9913698121939574,0.0677958912425799,1.1919649071013052,0.8416632510284615
1.9918108264573242,0.06835398700130266,1.192835643829176,0.8462368808526936
1.992261716486344,0.0682141457209517,1.2009070038047278,0.8348042641402864
1.9933426256624727,0.06764481724682743,1.1910196516832803,0.8423680478659575
1.9937156124842847,0.0674819369129511,1.1835147178044234,0.8299476981904039
1.9923502298478961,0.06777704950135247,1.1893967884318277,0.8288294213368386
1.991296718375658,0.06789079894697925,1.1778589810891558,0.8329553429689905
1.9919736935835022,0.0680970681712875,1.171212207314055,0.841390397131144
1.991658260553367,0.06857687425355176,1.1712359680970934,0.8402535887851197
1.9922366705467964,0.06797688448431267,1.1807571481164592,0.8352296524378611
1.9927271025919793,0.06844132538571612,1.1762704782187205,0.8337146714025736
1.9929639876616525,0.06716863692778632,1.175956871858189,0.8341612577665407
1.992335752215203,0.06681414697077973,1.1775814555721158,0.8434947142431062
1.9930946923485027,0.06573366019441869,1.1739099913872193,0.8447682476369477
1.9924831397830687,0.0657205214444596,1.1797915190202024,0.8509928770747518
1.9927621081503177,0.06620886633621971,1.1694113757655311,0.8458664340142745
1.9931678823553929,0.06651850901597094,1.1730373112878223,0.8477254277104062
1.9932822888807495,0.0659143253602546,1.16631033124989,0.8526430844708704
1.994502352227124,0.06541596709846655,1.1657856329615512,0.8554336472381191
1.9924396582758575,0.06667758073931096,1.1681606040698036,0.8599547183445775
1.9928171634676881,0.06668089203951032,1.1679978180710582,0.8655509341086611
1.992604388679413,0.06626301870415127,1.1712392061878214,0.8628640689110412
1.991733529058429,0.06641439889579193,1.1788304893199106,0.8651206422511182
1.9921528979174414,0.06655364973326053,1.173304770006714,0.867527680447454
1.993513349287532,0.06655497711194319,1.1573997695561626,0.8688014008695801
1.9933039893169822,0.06667983882149843,1.1466676491880754,0.8717353474349326
1.993073013037465,0.06671332892964817,1.14361641206514,0.8734305227775454
1.9937070234472682,0.06657922659943495,1.1322695219261598,0.8765352203109738
1.993124804983935,0.067747700119402,1.1396229162197051,0.8752164616163108
1.9932249160362887,0.06794702498601392,1.1338152387772413,0.8742766720103534
1.9926868419682022,0.0674313761306335,1.125775526845681,0.8733457906943447
1.993053469552366,0.0673918982680747,1.1155766109231964,0.8733585991672745
1.9930681748534302,0.06674469308918239,1.1380118537514576,0.885113927965687
1.9924244813374088,0.06718432865324415,1.1393505750842579,0.8765009660098685
1.9926766249431218,0.06668810812911129,1.1427015844257362,0.8858751530847747
1.99199125760288,0.06638456530962758,1.1500966235986303,0.8826292683246856
1.992265507762799,0.06621932867070353,1.1355183063980805,0.8748603522467306
1.9929904042175604,0.06645497290442295,1.1178684437853634,0.8719897909740156
1.9934403265103604,0.06623381982378979,1.1155916655654243,0.8694931318035883
1.9934254167702057,0.06663258431236414,1.1176409547389088,0.8696892633637867
1.9955866968853333,0.06612894362814332,1.094890053858628,0.8730486853811963
1.9953086278135361,0.06669347426169706,1.1056530159420743,0.8756553029757141
1.9951820244745198,0.06667939603118639,1.0929628448574427,0.8740323085199456
1.995382995465235,0.06655547366229911,1.1003224247102599,0.8766683633626482
1.9950733843346213,0.06692283836831817,1.1092634215800787,0.874387432538157
1.994572112800505,0.06754638610849888,1.1096626965711625,0.8791522644771501
1.995162131955987,0.06815992565639309,1.0961512363754509,0.8715990104464421
1.9952134897815086,0.06794734966198246,1.0961814060869677,0.8682912003435085
1.9940089287105696,0.06788220219767288,1.1044722975293497,0.8731500573060607
1.9941020634046043,0.06762165736121417,1.0863015510862921,0.8605156110591468
1.9933339457836206,0.06852197394356965,1.0915782275173147,0.8594126829762575
1.9927994125291302,0.06829444466658542,1.0842558827574542,0.8542757341173355
1.9920797469985125,0.06814663619206415,1.0872613543334035,0.8596134435557291
1.9928287813444703,0.0681206516851544,1.0921489688000847,0.8578586758059709
1.9927858150663291,0.06847257360763104,1.0899556028111148,0.8522200660938213
1.993293910203056,0.0683894947718773,1.079895553171978,0.8527329546139975
1.9933969094317254,0.06831120539597411,1.0751417096456048,0.853975080637919
1.9941364978240497,0.06802254264585372,1.0781563286739255,0.8589838287770418
1.9928828590953427,0.06784910288779099,1.1004201431558247,0.862414319427471
1.9943241938125789,0.0675211470530713,1.0941184737797476,0.8674324382956294
1.9936526086078754,0.06778396948805657,1.092660073094562,0.8724921291659198
1.9937858891331612,0.06836648011766851,1.0830672915098265,0.8624205086575244
1.994018784802022,0.06831870976079249,1.0670846108020164,0.8531063651528733
1.994334179116925,0.06836744131995617,1.0716660010849093,0.8525430761310163
1.9940139374554786,0.06833244517307926,1.07446385083542,0.8586368817078537
1.9936997912110341,0.06827656807838037,1.0793310636648281,0.8688005941642423
1.9934143946227831,0.06801219072725463,1.088771661671991,0.8687238589856311
1.9947639079626729,0.06795191571042286,1.07642961564733,0.866292184900636
1.9945820677228385,0.06882316491941477,1.0614121379773673,0.8605179774324214
1.9948287223738523,0.06903791266810513,1.0468760659445695,0.8643288695952933
1.9948651412411564,0.06879103630917602,1.0470145556136936,0.8687557343517573
1.994726521559741,0.06853748006445505,1.0567263864636793,0.8807199393720598
1.9935857166434723,0.06823174720313592,1.0582064028851346,0.8829095052503968
1.9946928452966186,0.0674955183109244,1.051850078852038,0.8851783402447234
1.9949854298380008,0.06744932016029352,1.0542743462762445,0.8874916143984295
1.9947845794129022,0.06675649589755743,1.060362756214822,0.8891447339966472
1.9955323446797517,0.06685471628866849,1.047106987257222,0.8952208432484074
1.994671100076329,0.06625009701740057,1.0445756426980866,0.8967527235569182
1.9950046076397032,0.06657503596600006,1.0392844718983956,0.8784148930641947
1.9936975796723455,0.06633339476274669,1.040269894309976,0.890306428722168
1.9934828435692187,0.06670310836409664,1.0468735732908534,0.8951106511164211
1.9936474141355838,0.06693302624855313,1.0410952440436634,0.8943672419992807
1.9937287257238594,0.06652609820293613,1.040274835198133,0.8951448496149481
1.9924225027857105,0.0656206012922583,1.0470169754533427,0.8949481452113986
1.9925900208835357,0.06544494697084982,1.0401596445186503,0.8853289462662474
1.992795629183439,0.06526085788938638,1.0315674948557514,0.8770671731903713
1.9927146435369318,0.06474891416787086,1.029184136033617,0.8827297799186211
1.9922870390868521,0.06481151216743299,1.0281740714490593,0.8825286568147808
1.9933340315569232,0.06511085635771426,1.0307011575137663,0.882540192964052
1.9949364485416161,0.06474052314454856,1.0195925093012836,0.8769098412023533
1.9955122519524193,0.0641762664586358,1.0101975142775472,0.8689865652001708
1.9952116934948185,0.06435924329320876,1.0083673176611143,0.8605585448385238
1.9961086545479636,0.06416248342790717,1.0060289296493707,0.8599643101761902
1.996576528236739,0.06381194223786356,1.0000739941883394,0.8581683843624575
1.9966653604701434,0.06414016614050803,1.0031241696257913,0.8613989132171662
1.996903851236658,0.06379381068685235,0.987603557755592,0.8555040209068177
1.9968197316650111,0.06443563890791026,0.9828500755392595,0.8551640188357554
1.9964131857934662,0.06431451041870234,0.9882073838886796,0.8661206887991328
1.9972421358250905,0.06364581686382766,0.9919675646217933,0.8643740131710688
1.9977451278358986,0.06321481106080655,0.9846312291118434,0.8510433286595949
1.9978834420380502,0.0628393816791011,0.9976138956934305,0.856057934189182
1.9978783109029785,0.06368547932972922,0.9973714738492683,0.8531064565836651
1.998448866477099,0.06401172584155577,0.9950386706412455,0.8479096506264532
1.9979873975413684,0.06394342185081268,0.9906904192213251,0.8531653942489831
1.997139660764515,0.06373275883659424,0.9961342477312936,0.8539626607774794
1.997691764726728,0.06340997724294874,0.9828163429371396,0.8503264996526428
1.9979403020779187,0.06285062064531426,0.9739447791029814,0.8529942909071443
1.998096146216103,0.06273349276611721,0.9825990874089914,0.854799904621776
1.9981386278446858,0.06276553732882781,0.9798451001592535,0.8468402699969071
1.9978471956978734,0.062468225007517,0.9793062679947969,0.8484856913534257
1.9976625099537508,0.062145039157878744,0.99140799571301,0.8444110238350527
1.9970354678792912,0.0620011054923157,0.9790335013592109,0.8337523637074037
1.997091195287067,0.06221846846498594,0.9844173687130129,0.8374779369589425
1.9972744765530006,0.06280808036503363,0.9794668746831192,0.8364796872603173
1.9971043562821211,0.06294003566907293,0.9773561990795843,0.8319887044136389
1.9968657265097336,0.06314774045976373,0.984204047756024,0.8405250180643361
1.997557079279235,0.06231484097666556,0.9684064803051781,0.8268549493757372
1.9972058196195885,0.06286556178920967,0.9715079449140736,0.8271601059707586
1.9975110284303896,0.06240803400832655,0.9719270402286029,0.8211625329461256
1.9972593134982748,0.06297596088937528,0.9670642854343713,0.8210484973705001
1.9977153638287992,0.06367627179109925,0.977823680480931,0.8188591055917356
1.9971318736292214,0.0640590515477161,0.9668858128895165,0.8195548225746832
1.997997160585918,0.06383309910497989,0.9574815018915293,0.8056347247950736
1.9972954022883693,0.06367760449895361,0.9550335543455798,0.81176645023744
1.997440716040965,0.06429944668819415,0.9556805260210871,0.8115599750420933
1.9976536519631962,0.0634929601687394,0.9639902080329746,0.8072744168147614
1.997883917228342,0.06351712331216997,0.965978738029268,0.8042308940906712
1.9966287201626274,0.06415995676899286,0.9675215222225159,0.810424662097493
1.9965436480693606,0.0637648518463066,0.9679589282011797,0.8197776883465199
1.995912414032259,0.06426291544212585,0.9774343579944583,0.8245824821987144
1.9960595497234432,0.06420793469612913,0.9675146028657935,0.8104907639645348
1.9958745202726285,0.06359097238552029,0.9692199483035123,0.808032597424691
1.9956805560918016,0.0632805645079103,0.9610323217629453,0.7988840224625239
1.9954284921764402,0.06285232824226987,0.9637481431861593,0.7996909592267549
1.995979815691804,0.06200991985239498,0.9741604248770258,0.7987207218794075
1.9954459810711025,0.06114473141730904,0.9984821345549546,0.8044693396404514
1.9951716925893863,0.061749726603706874,1.0051281014601914,0.8023585469597175
1.9952929211872172,0.06215129933439609,1.0144495893596337,0.7980025023901618
1.9955672247414302,0.06195499800436744,1.0027338782163782,0.7940574377842562
1.995631489979339,0.062476230926208146,1.0069533064739364,0.7863978185395443
1.9958537379136743,0.0622163710158931,1.0037842016627505,0.7894103399603928
1.9948774780512475,0.06223356866610416,1.0015049812718744,0.7856640461212704
1.9949510320053858,0.06297128137947375,0.9960095662295952,0.7767139009816293
1.994671529967074,0.06289446489280649,1.0030621780638638,0.7780271349702405
1.9941921897956016,0.06303689702319663,1.0184951334671535,0.782020152749636
1.9934201883023657,0.06261968288779943,1.027231830712801,0.7854669130941802
1.9941099198595147,0.06256244484719058,1.0274377630933242,0.7947624720845361
1.9935631727708183,0.06331363667083391,1.0258497418184649,0.7851224460911072
1.993869837044295,0.06293941223927282,1.0351919522595272,0.7948099776566899
1.9933646417060853,0.06345266607948459,1.034653817923856,0.7950003650339166
1.9919951010554338,0.06380484367382894,1.0393771298824712,0.7952851154640828
1.9908617900063532,0.06362825133363578,1.0412935258457707,0.7965037036020142
1.9910137199168512,0.06324878313480553,1.0538898793250606,0.7917378104815205
1.9915683159926798,0.06283309950246445,1.04645190407081,0.7879362533143257
1.9923552688334243,0.06225967960156259,1.0450202638623036,0.7968428830889069
1.9921316862737821,0.062024556125352494,1.0334153438616014,0.7905461674326048
1.9923234718379395,0.06191225445459421,1.0359496752547073,0.7933904570128589
1.9926458253405444,0.06251099785067528,1.0354603496914432,0.7965628628969753
1.9926528279562727,0.06262012591929547,1.0262463435974818,0.8009089021275679
1.9925458087891144,0.06293464803057729,1.0143936968487055,0.7984027179251593
1.9934533356953048,0.06356302369285445,0.994543347098154,0.7838565486742242
1.9938842131903738,0.06359815623185398,0.9889930564098768,0.7789189683977585
1.9947412128376731,0.06379011422918701,0.9951208529784954,0.7848599904042091
1.9941515661741984,0.06357750122283184,0.9964324506146804,0.7800429063847203
1.993581232550869,0.06284451093737754,0.999794921816404,0.775857154117258
1.9939007578030916,0.06294131618337497,1.0031051502296668,0.7868221332441215
1.99309421167557,0.06310624850519012,1.0038341588529784,0.7950372287761347
1.994234564141784,0.06291033559098269,1.008994951667507,0.7993251952752931
1.9944016184140023,0.062350273057546146,1.0216994520116878,0.8020146892217374
1.9944182697999346,0.06221435080307583,1.019032271266977,0.8099545908414086
1.9934274543381405,0.06272575875803264,1.015726646737063,0.8004743331608422
1.992710092831053,0.06292844878677856,1.0099032643251356,0.7921980054394707
1.9926730346784436,0.06239703511150887,1.0187382330290518,0.7949900438456361
1.9925835520795376,0.06232651570399374,1.0294139807221938,0.7996259298308939
1.9927188913382687,0.061981150839146515,1.0203750753907193,0.7897510951668136
1.991675173708913,0.06140022988342663,1.0259749811543706,0.7936182265800779
1.991628991484746,0.062285541008168875,1.0272289235347498,0.7894202518968378
1.9918726593755898,0.06226454188074426,1.0160136929230994,0.7879701746117519
1.9915114573059156,0.06206419249828559,1.0344992783969833,0.8035828324247192
1.9922375167288298,0.06237221070578826,1.009549947133743,0.7929418349453548
1.992676699171719,0.06238321946225633,0.9986882591149315,0.7802141258848854
1.9918264145411608,0.06192069813699512,1.00283985482246,0.7870009751969348
1.9930472720125214,0.061406056992058276,0.9993018030263573,0.7864397512102883
1.9937008706367563,0.06124802304041862,0.9993991010550326,0.7892481922832183
1.993427105300573,0.061017284448052614,1.023338484989167,0.8060393836008567
1.9941202042085482,0.06090307445827751,1.025889309715217,0.8056437944056806
1.9934552037593327,0.06100036308099378,1.0228543652493232,0.8051232262314957
1.9935274277590156,0.06185114782329267,1.0141787652008458,0.7962282778290485
1.993514374812635,0.06172657540839669,1.017208050107787,0.798751494502044
1.9930937189342688,0.06171881045327549,1.0108918864123928,0.797166983153961
1.9924642751526684,0.060984485670615256,1.0081536832907851,0.7861984749925622
1.9913802756745793,0.06011897360076915,1.0056504017287404,0.7872732917827472
1.9925159076445103,0.05975956531296961,0.9982394134911623,0.7919491017197575
1.9927320155974635,0.05956275522333861,0.9976331610072892,0.8005233234345949
1.9926520618141272,0.05946748424977003,0.997797984308727,0.8066759734760289
1.992959214222429,0.05965631403544769,0.9897064638429356,0.8087765691171808
1.9944848371325945,0.060111461305719906,0.982708332395133,0.80816633617037
1.9952925086978002,0.05958557051186022,0.9891038561401474,0.8260707878073792
1.995740710711504,0.05969718151997675,0.991055131737859,0.8373618139038699
1.99479960626004,0.059529814120038986,0.9803056163067914,0.838890649331188
1.9944411496966568,0.05904104327166041,0.9763673366412735,0.8460298118430096
1.9949097241543852,0.05877218168486203,0.9767337063752635,0.8483935512489789
1.9948319442396683,0.05857898248707424,0.9723050678781601,0.8537658728210871
1.995273155897841,0.05827442013893009,0.9836559374811855,0.8710587223526816
1.9946883344025008,0.05837668323146478,0.9851083516464232,0.876337396202413
1.9954585224193397,0.058286937314165864,0.9777448104814827,0.87511781977786
1.9950631378332626,0.05797633204413396,0.9856456571995322,0.88153512582647
1.9951529203529186,0.05750380070872421,0.982668903271775,0.8847955570393815
1.9954498651162205,0.05762310635469145,0.9643832086401715,0.8784425996428898
1.9950911356514212,0.05776393186198294,0.9649637578652839,0.877842729959087
1.9939616629594827,0.05789343303524832,0.9610353089129596,0.8822620219224196
1.9932524451740905,0.057738664484545926,0.9612182942057811,0.8918308519164084
1.993004834501752,0.05737585630594789,0.9641501832651198,0.8859251195825875
1.9923733449832886,0.05688980731315609,0.967380880483541,0.8983122427445686
1.9916157871300066,0.05691586058345744,0.9772449496417341,0.9012344691078146
1.9912562606925068,0.05753860280745472,0.9735255106730043,0.8941779658109591
1.9909235102459737,0.058063118511196006,0.9587209200335337,0.8824350477285864
1.9908121500493479,0.05820960641543599,0.9676047801712048,0.888532562822089
1.9916534685018683,0.05818029417038265,0.98620358432833,0.8884617131428406
1.9914575784923327,0.0575257924457721,0.9873555205846518,0.896886265570451
1.9921072500941548,0.05791475199268129,0.9711084367980612,0.9000736596909393
1.9911896162656084,0.05738958580047654,0.9675788339666247,0.9021628548081368
1.989826478900682,0.056706646100638906,0.9778635829777562,0.9083604068594069
1.9900741233698165,0.05742055919486067,0.9807628415689038,0.9025447349015431
1.9906475169941906,0.05721243404491304,0.969624553073881,0.9023642474435598
1.9901622999996078,0.05672852882133782,0.9857444925652545,0.9152645761127135
1.9904608603328933,0.05708184839195655,0.9822953839230646,0.9142397700501201
1.9900922792665017,0.05725015387972319,0.9999451207414899,0.9295822488287969
