1000,0.9,0,1.0
-0.3252389381924624,0.07033892979537434,-0.0007083715884514335,-0.0020034922862987936
-0.03601085063769016,-0.8184208299092848,0.0004888156598096236,-0.00038643263445865085
-1.3496520505085203,-1.5984003378960596,-0.0009820209996555303,-0.00011544954610698691
0.6104247378749179,0.24769776518572326,-0.00041992374923887027,0.00020989183110257833
0.012874690171597758,0.12638503632520098,0.0014715672700967104,-0.001536258672392581
0.14592705121238178,0.4398339809497309,0.0010752270829925946,9.438628483673349e-05
1.5579241774994241,1.680519624756392,0.00013302375203667218,-0.0013633034881959864
-1.0171643627472093,0.011852691651275893,-5.376341931313172e-05,-0.0003005002348539163
-0.06492928867409808,-0.4875355265670228,0.0011417882421530033,-0.00014215100899784641
-0.6446182023715604,-0.8379580619262399,0.00048367583148738674,-0.00039847925990286104
-0.6023460509536256,-0.17110737576730392,-0.000268202403307583,-0.0007284924985289912
0.8774208680087856,1.596582845437406,-0.0002699260410075452,-0.000257294789510851
-0.15768899527947217,-0.7033992121093579,0.00010948966194845988,-0.0010366063243493681
-1.0355602002075357,-0.5874895284731222,0.000228645440333744,0.0008280147127371007
-1.4438122351735982,-1.083590198363943,-0.0002083416483698896,-0.00035754091476365745
-0.2612512917609371,0.08983544403201556,0.0003395119590798609,0.0005915466929582196
-1.2432430429082495,-1.7652036105140345,-9.975481687760459e-05,-0.0013979266709403188
-1.552510265753782,-1.7604624313940513,-0.0012646075282608522,-0.00040252872374297064
0.24996233293324926,0.4765169340608983,-0.0007432996245556552,-9.173855787024389e-05
0.42009330619698015,-0.041489492494667296,0.0011085680800547535,0.00031331331159340826
-0.9627665442718087,-0.0638473947576047,0.0007163225428854278,-1.3125227304783954e-05
0.031084348897822744,-0.8957658185222319,0.00019976398309449269,0.0020565139317886344
0.056504306617072134,0.19806381779346416,0.00016494665960684418,0.0002769152874261899
0.23196217643004508,0.30827472185177995,0.0002253972774776887,0.0017081320291164725
0.5316661290790802,0.24427250038942075,0.0027994882812628625,-0.0016116803610270029
0.6689502247054083,0.41962611282179774,-0.0004005361013069648,-0.0013736548953852217
0.23945340568466392,-0.15332920513548323,0.0007011890380074951,-0.001412364538759534
0.1842502959807546,-0.7051704576145517,-0.0017792680051351764,0.000647767654775804
-0.09468988060986722,-0.6100110447080899,0.002377149619423477,-0.0011945496166698882
0.5796148275727968,-0.08696104360372695,0.000713021030299487,-0.002399383777359587
2.8062933375925705,2.502610304976756,0.0027024672408843637,-0.0006441478879678547
-1.4629662569646924,-2.2440565638633188,0.0007768465207164932,0.0015108013201977739
0.3954957942041416,0.19649923744341147,-0.0010697883851681672,0.0010387511524631147
-0.7400844950727847,-0.634144590209591,0.0004419583447895447,-0.00034909509658672
-0.24884620485835562,-1.265459496771785,0.000350036603134537,-0.0010395359786895967
-0.4534030597616259,-0.2295391053305381,-0.0008800235793891076,-0.00042895246558038774
1.1154460753753934,0.9845111820636573,0.0010408829066685637,0.0009105181316401117
-1.007072806323747,-1.0720253741017434,-0.0007851501757246985,-0.001140247097660028
-0.5368836564821589,-0.15450821355463348,0.0011907951815182767,0.0007265824245373224
0.31803717996271547,0.6410702868773088,0.00041035426807983224,0.0009343814063710136
0.11755136399205401,0.3185533409993514,-0.0018070559391453187,-0.00011780967298680441
0.19652778268353796,0.5490933043900066,0.0003783581265729531,-0.0012669750624822315
0.7134762949954429,0.4070060708706878,0.0027091575719029723,0.000393044262254501
1.1435493414280098,1.677764379423055,0.0004392043239463952,0.00014973606024392007
0.5330836579421974,0.026843928134052675,-5.102558010242354e-05,0.0005651390777543974
-0.28922497001092007,0.4186954095278749,-0.00044020285424553477,0.000499949753965209
0.5397290030338286,0.6642319074487252,0.0010225706596676428,0.0013685570682527453
-0.19769205567901052,-0.0498028578565137,-0.00046063909388428434,-2.1933498051023326e-06
0.1471397661636502,0.13651047720841686,0.0017623311548124474,-0.00038648011861809503
-0.9064626144486094,-1.324669224399401,-0.0008346432220190751,-0.0010905589173940313
-1.6612571116300892,-1.435709850071698,-0.0012134051906053356,-0.00045915900792317503
-0.4713265014091093,-1.0064365369277344,0.0006492916053113651,0.0012853184361294168
0.0937432796478872,-0.14577930834300107,-0.0005167581147872166,-0.001192417592031252
-1.6361750807090756,-1.1071805951927907,0.0014819897100861244,0.0012076200994551643
2.9421239797472345,2.51786527063031,0.0028424598593536224,0.00042636556205016016
1.3570971380510979,1.4997745798394007,0.0019217241926888346,0.002184643448390736
-0.6194300250834701,-0.5789402451837508,0.0005535196610298108,0.0013583049702623866
-0.3585338321791167,-1.4196323110664388,-0.00010296824328444394,-0.0003870184571007647
-0.5760948682236365,-0.3735309267036499,-0.0005006149245164789,0.0003877530285394517
-1.4794003956116364,-1.1296744902266793,-0.0001902977950928347,-0.00017724226303079455
-1.442101894299794,-0.2467954341680514,-0.00026235067436055785,2.8227857184719587e-05
0.5903927414014398,0.6469525531294289,-0.0014982883145995376,8.414706625159556e-05
-0.7029430283154494,-0.21766850976403965,-0.0003547962482081893,-0.0016016526855688977
1.1885307721456206,0.8436935856047172,0.0005243273968914287,-0.00022064732724707623
0.0991888383712102,-0.18245771051918955,0.0002675739000649484,-0.00022316208674463117
0.9003400454534878,0.8453966128061521,-0.0014499566358627245,0.00041360924268889616
-0.4970567456093696,-1.1529235884653697,0.0001055931486829887,0.00177614351991965
-1.2173926784633,-1.080677419769823,0.0016172115212202505,0.0024886378405735276
0.6053201347514267,0.6559759983054612,-0.000808250088774975,0.0002844210392422758
-2.3960057937022374,-1.2674461643328399,0.0008404727213038693,1.3995838953750514e-05
2.2482093467134407,2.4894860976578386,0.0006236504713954807,0.0002449301311235501
-0.1268014556286865,-0.07899886935964898,0.0006030747441867694,6.633747192765856e-05
-0.6090193576496721,0.18792471966690055,0.0030493220942828534,-0.00012932169263193572
-0.5945913202550721,-0.08914247887806365,-0.0007507239892291324,-0.00048666004875571646
0.39194171849640913,0.570618842582075,-0.0006007536488414127,-0.00044823471176120005
0.8983324390325043,0.2422363133230756,-0.0013834901571903803,0.00018745811431711138
-1.0016035473098321,-0.011114451308675277,0.0005253108862241635,-0.0016794376996923082
-0.8231413360036267,-1.1102194940165144,0.0014628497371066136,0.0012941940775198554
1.7151097509282671,2.252187957081359,0.0009332078902404699,-0.0003030850724270187
0.2967937867084865,-0.2878757065410546,3.297606338496209e-05,-0.0014492688999977027
1.0872091983534664,1.1302639478701044,0.0010073123959490457,0.0002736821108320314
-1.8768874562472966,-1.6967416239715944,-0.0004353512338307387,-0.0003118088299715762
-1.1125588833354014,-1.0009130450103327,-0.0005714899086087616,9.748330990614537e-05
-0.18653493505929225,-0.14359441171576431,-0.00031120510981090375,-0.0012185789479115937
-1.1274015262436068,-1.8306243938106717,0.0001224689409689789,0.0004744559734590553
0.013819176426460782,0.07354281294194968,-4.185047090462257e-05,0.00025066168821225054
-0.7725356764196172,-0.3686221152977808,0.0020356533500375243,-0.00015955939502621547
0.6432443992737593,1.0223161451815956,-0.0010712479798249404,-0.00013257257695137878
0.5268782732708726,-0.06566881192316232,-0.0006842076215211847,0.001845962749531974
1.0975483897008234,1.1708433314796605,-3.134921476611741e-05,-0.00019153716047716731
-0.7801598758141733,-0.3857592918414462,-0.0008822976968557086,-0.00014144041524275105
0.027158938565584045,0.298820329064864,-0.0005615961795893237,-0.0004977428886555865
0.41549494199890585,-0.15495553553019595,-0.0011111930030797497,-4.2998398421960424e-07
-1.4183006910330724,-0.9105287376917997,0.0001332482015939695,0.0009107432634680335
-0.6462089024445907,0.07324294525857522,-0.00035715330528184833,0.0010108569876015887
0.30137437779835047,0.5454414226745737,-0.0008632556299722073,-0.0007073803845669312
0.3792460138104222,0.2182605249268835,-0.0001625795155516347,0.0001337238654726456
0.38526202283176253,0.513316402073561,-0.0003967608763880246,-0.0004266435445030859
-0.8968475181580534,-0.6616684688082555,0.0026687372821023662,-0.000540019759763638
-1.4979286582959415,-0.8031869945421852,0.0016078032131543291,-0.00034011432662595624
-1.1763597318375982,-1.045512798230999,0.0009393642695085428,0.0007165582341399701
1.8551963641796916,1.5618790724567648,-0.0004260182211785739,0.0004522737387194161
0.6657769222079066,0.660938319839426,-0.0001785186042065182,0.0009520189069883709
-0.6104070935895037,-0.7242873910689241,-0.001116359261519141,-0.000602746264018699
0.6320014550850288,0.6355883342153749,0.0012132733026854574,-0.0011865527657614317
-1.9884648979821273,-1.5365307783947844,0.0003572262039944308,-0.0015588980498512654
0.03917599862513311,0.16242499878603295,0.0007049082743803111,0.001537365762270915
1.1526225090400446,1.408666973666893,-0.000663955369241543,0.001493380662241767
0.7721993175756136,0.6911374707620671,-0.0006676058812127498,0.0003187257697493193
-0.6415651952231635,-0.8489006165992771,3.610825256862341e-05,8.753147436624442e-05
0.23962472014548436,-0.3895324952295135,-0.002004991907968858,0.000896090848377124
0.8726993980367403,1.0276948915386996,0.0008617004042179088,-8.49504630486177e-05
0.3170653913944883,0.8201731340334206,0.0008151294357129983,0.0013605256965645118
-2.3473584035690114,-1.2449037934676577,0.00012999675166252455,0.0005071800180873114
1.113878835000449,0.9868073392920962,-0.0009754206256125058,-0.0002492913407820452
0.8378217362115524,1.327662484279312,0.00073956980555649,0.0008902680117476047
3.056134994888795,2.6133559530717245,-0.0005660278632104558,0.00109932574692731
1.421781790984778,1.7043839567081749,-0.0007526205498150658,0.0009915253407815313
0.1011638571810839,-0.10661747173061795,9.099433272660899e-05,4.7397547528099066e-05
0.8132699884594531,1.5564761853118165,0.0011033579509521164,-0.0004803631588844726
-0.578204035259082,-0.1311131269454948,-0.0010781637510465314,0.0009074342723851749
2.749497328704406,3.3331240503891,-0.0009657723401929312,0.0005650600775483308
-1.135222058299867,-1.0383679537596766,-0.0004859774829121168,-0.001551765161265349
-0.2318440241067944,-0.4163308671770798,0.00029064193242157155,-0.0003335570966414729
0.5293693653405839,0.4772019028339259,-0.0011066346411597449,-0.00011337995503500095
-1.7496451956080876,-1.8534515363562392,-0.00041560780242198364,-3.6543526870239635e-05
-0.5665149483914693,0.7243472279412129,-0.00012005474736774374,0.0013880497803940876
1.3438674133576516,0.9153169784170543,0.0009304032752004326,0.001122712360733481
0.061298965058419995,0.18160284989860542,0.00149511670191348,0.000526151409737376
0.27723298692924375,0.694000729978594,-8.243092700258225e-06,-0.0003317030852631123
0.836109809937671,1.6092265353197088,-0.0002489240699764716,0.000801111793479362
-0.34647549886214063,-0.9320444025034169,-0.0008688079207485836,-0.0007082028842625893
0.7410294900248423,0.5707865609058425,-0.00017759571553756158,0.002843079405685667
1.495158753948211,1.5906767747741821,0.002065133669202657,0.000844602743717796
-0.03534145373620903,0.3714687324240518,-0.0013551357296381944,0.000319326449591183
-1.2357423429256156,-0.5703916384206037,0.0003187474669157327,0.0006017576239341508
0.9286585071252786,1.659763812030111,-0.0011987554519901661,0.0007850379000345352
0.1467717501950904,-0.11902341041124528,-0.00018750923485402816,-0.0012856829536766494
-0.1356979658367592,-0.5931149332597992,-0.00020029439422922544,-0.0010369665451865646
0.13611714359618543,-0.8041820269481443,0.0004176715197028117,0.00011832984542799634
-0.6910386589029326,-1.1006517192116818,0.002425076567547795,-0.0008858942303658902
-0.4665719349777322,-0.16799126261713102,0.0008825793062038688,0.0007626689250700198
-0.6566660881495582,-0.8521885624166974,0.001635072758822966,-0.0005993662434595458
-1.6206781785436972,-2.2952869163627856,0.0012373046963798785,0.0008382724536860719
-0.26105831550842745,-0.4753966374154185,-0.0010135716444368782,0.0006242043364394434
-0.2542130594964138,-0.33355857875607114,-1.75558185556606e-05,-0.0001689669509364249
-0.9868533555929315,-1.5953712947556502,0.0009062881681098672,-0.0011517887022678287
1.4524679992734393,1.7253211457306696,0.0003085101102419455,0.0012531514157089123
-0.5661574494589845,-0.12379370861167,-0.0010792559026105027,-0.0005131508140022985
1.483078427726531,1.0557139570530338,0.00040644413762701753,-0.0012553669417023246
-1.5246984726788673,-1.2184712530528,-0.0006914646697118118,0.0001955133819754863
0.6930863727349643,1.5111766097665034,-8.168540114656069e-05,0.00041245710600552855
-0.2568014509237213,-0.07094704436665603,-0.000362509085366441,-0.000582189643898884
0.3907472314733494,-0.303433199953825,0.0004043385115652299,-3.961019745447912e-05
-0.33336511990129125,-0.8677683735294667,-0.00014998485011965065,-0.0005579222645116737
-1.4037832200897775,-1.5054264548296732,-0.0012328036420991037,-0.0014547842163824623
0.6535970907422071,-0.49525666489148423,-0.0005838313680022047,-0.0010928887624039325
0.9671165109780171,0.7532733396286606,0.00021512315146437133,-0.00143877981938225
-1.2210649047048718,-1.9194240486323952,-7.310910495821545e-07,0.0005985391832507459
0.056999469038952325,-0.2652437077820585,-0.00013738516267609605,0.0005232793031332053
-0.6263086808413735,-1.123458791913594,0.00018564911262915928,0.0025924575473180297
0.1499062894696901,-0.0013785815805185814,-0.0006303558855623785,-0.0019928791207918417
0.514104701584291,0.7142192887177746,0.0003411547843441999,-0.000208657394737865
0.7831430701022498,0.7212119046175423,0.00042295237625044864,-0.0008113314333676803
0.8825351977842206,1.285905892748399,0.00018415277610296326,0.0001775036339950092
-0.733376280844961,-0.20379566855528386,6.704979945066169e-05,0.0016291401737179977
0.9902169762531111,0.8434885103490599,0.00022402738358764314,-0.0007594931749557842
1.628870965078862,1.8511824673280721,-0.00022408396912654258,-0.0012528012307161608
0.18139954780692386,-0.2030706780287935,-0.0007359497857918504,0.0011365511906803929
-1.2903818550598556,-1.7076532055762528,-0.000429467522955918,-6.8638123627948125e-06
1.195769995009655,0.5800468960837966,0.001102086701531586,0.0020308722373790665
-1.370964466837337,-2.476706419525011,-0.00011326655004271065,0.0009933035344207757
0.7729442873095286,0.4330673921778679,0.0005185427952525205,-0.00020725304181577934
-0.7998225673938463,0.038186668987531036,6.717613779948154e-06,-0.0007603167162116173
-0.3412528146820658,-0.6051807560338194,0.001741658119314948,0.000948904462887971
-1.7735062388800191,-1.329894282198089,-0.0006709719005227679,0.0011898716609819388
1.0196359310307823,1.2111420593372317,0.0012775717481891362,-4.234673642095791e-05
-0.8342268177281615,-0.6923219766218593,0.000932239288732532,0.001311401410960722
1.2527820052752094,0.7701247942651788,0.0001859579559121265,0.0019115221291694236
1.3557406631507805,0.6913008074956573,0.0013297294633545088,-0.0007648752146697551
-0.5858503911310711,-0.2500887331299828,0.0002938275340834374,3.7885884688014504e-05
1.5077728946604239,1.5251058628805563,0.0010161516076547593,0.0011303399737512846
0.8658781612462718,1.3114742718220975,0.0017600677461066308,-0.0017223064870446516
-0.7986267532195747,-0.64105687275958,0.0007765034337318451,0.0010446397333706183
1.3015344511150417,1.7613284048106892,-0.001623887893093785,0.001116149262627382
-0.9547249765394625,-0.6225994147144158,-0.0005746472112196223,-0.001781513787420133
-1.0237346118880382,-1.1431664368765995,-0.0003859943685734301,-6.44222205936958e-05
0.3396737924870787,0.33526604774666346,-0.0010803000809719273,-0.001071415905701799
-0.5361739419767254,-0.406662671290177,-0.0006377434791959951,0.0006222228623633995
1.3157558853041553,1.4036075766604708,-0.0009242002523849563,-0.0011217087311605476
-2.0402669929897703,-1.6585455291834947,0.0009094803829308063,-0.0004308560713391069
1.5706203956844929,1.6909060600412944,6.477679891636976e-05,0.00013075756085972824
0.6895758846302605,0.6484055421962432,0.00014818427575032073,-2.559910751308523e-05
0.18661799612734092,0.19201695441860914,0.00013820902670883177,0.0020862500893239345
-0.8980337662581792,-1.5755123510890254,0.0010135195281024592,0.0011674696885847374
-0.1301665817768876,0.15121488119176713,0.00042639653245327776,0.0023688866508428594
0.3060034859704875,0.2528401111995833,0.00017907254095189874,0.00013953564832702665
0.9808198750819853,0.609279348253619,0.0014591354890206476,-0.0005314222857391851
-1.4974473734836151,-1.3303753694761744,-0.001211757698738701,0.0002174417924193248
0.868875181605321,0.6657132388609521,0.0010331353291425792,-0.0014400927274290218
-1.3539746447939227,-0.8038915497164603,-0.0016659581968714306,0.001328586314118879
-1.0639190155649345,-2.0864780987488687,0.00042303009070998544,0.0008978268119939946
-0.39215274741053674,-0.3634463034664451,0.00026185558436410145,-0.001817331670607221
0.33367488871667617,-0.3583261378959807,-0.000575397577872091,-0.00029958271436926297
-0.12906111109035656,0.4472125772480498,0.0002151318423047644,-0.0005287385853524552
-0.8035008442223296,-1.0407295825519276,0.00013042505842647957,-0.000631443866439577
0.19226802369753335,0.10143736898409636,-0.0005251433112220197,0.0009370848772057627
0.371554538131417,0.39549124788162643,0.00048766184539163416,0.00013575200345624354
0.20801027023519364,0.09041096531906638,0.0003759871617456867,8.818747710068676e-06
-0.29076737857641105,0.17012274822735024,0.0003792158451149162,-0.0004240279924166082
0.6999401451360359,2.036318334625466,-0.0015624273658356386,-8.825663430198308e-05
-0.39095555560738304,-0.8293755272959515,0.0007707610907686458,7.633007095151248e-05
-0.07096320770011502,0.2590475145853877,-0.0019964752128373503,0.00018422763825985772
-0.4327011037640285,0.1371507389910298,-0.0011204763287726318,0.0004235567596049678
-2.00991091749639,-2.0222088600429906,4.221739204417916e-05,0.00012152249936075176
-0.11753767417422666,0.18380713416974218,-0.00015549411759546662,-0.0010823273930419275
-0.818351931831382,-0.14659058356591237,-0.0003945079410054385,-0.00020516124983231492
-0.9861361585113275,-0.5821208583605909,0.0009235765315030139,-0.00026596007415140315
0.2660671364228443,-0.027784818049433335,0.0009707653884890069,-0.000166455960416027
-1.3400508765399382,-2.0267808150225637,-0.00014926076535274886,-4.154406808302236e-05
-0.29962198452552224,0.19023451318875917,0.0013913827930366555,-0.0024992234605633575
-2.898824415547937,-2.1497017089679415,-0.00024543410872756704,-0.0014404277317682152
1.3164352474712213,1.4154157249959525,0.0007069035192461805,-0.000683961029895479
-0.6190600091880797,-0.600101576805853,3.941873941282262e-05,0.00010886307073400453
-0.1149318159608571,0.013224948955371608,0.001532220370072814,-0.00026312375294807583
0.8319977889426386,0.6170728490960761,0.00044070414879311014,-0.001621573152370861
-0.48351787440097255,-0.5381281123643635,-0.0004112714104686631,7.342679974007589e-05
0.31812546016844506,0.5030493750172452,0.0007265885424941308,-0.001613948899898325
0.15104892202576056,0.47642901198316234,-0.00030077967932251565,-0.00021981142073014133
0.6613655922369936,0.19795309684587523,0.000142716926742511,0.0023857115558529847
-0.8611829592427698,-0.9911424464418253,0.0010659116241423167,0.0021224087701298268
0.9143698942176669,0.8122348555102852,-0.0003038459145075623,-0.0008821055626415804
0.6181000209105121,0.5864599149051954,-0.0011385200450275733,-0.0017571404214558118
-0.831606572005794,0.055132343333747114,0.0007336801125859266,-0.001289396983386074
0.5018432378096142,0.7418642315567229,0.0005008029904798389,-0.0004394051794133514
0.8768429989362838,-0.18388028002381507,-0.0006734267971590533,-0.0012949547711053708
1.05030135600795,0.870682499967505,0.00046630225647531905,-0.0005107062089771898
0.21332493944354147,0.556071004159225,-0.0018784187012420397,0.0008272996814660202
-2.062577869308471,-1.705227281059908,-0.0012481049800914005,0.00010068786610652518
1.4034396609322268,1.6502457148255139,-0.0015843160381412951,-0.0001096463909626061
0.9201534878534745,0.8787820297089255,0.002564288929486241,0.0010320707041576356
-0.4626220210054154,-0.6887969478946672,-0.0011224068326299,-0.00012572506133600199
0.2149810809618248,0.6389629816891905,-0.00012379998294353726,0.0004895814565966633
-0.6003853493244604,-0.27975629331640406,0.0004702344486390786,0.0009091836995979286
0.5852118820600912,0.8137233738465628,0.0014466962106978987,0.0004073249819126049
1.3051892401455256,1.5183274686041377,0.000256174770565058,-0.00012967806227718044
0.8695757832030369,0.18696319809189849,-0.0007819002824465066,0.0007854592904899872
0.03988519350919201,0.18781538997611766,0.0014577458275800007,0.0012192259165618984
1.0183804213294023,0.7566563887117286,-0.001720577102427852,0.0012441443623815885
0.39208507087295,0.5685733402932275,0.0003393448380073744,0.00024055020174562467
0.19192353103027623,-0.17550596890531298,-0.0008257539708633334,0.0004917545077638173
-0.9070305951132089,-1.512449136911477,8.384455912070899e-05,-0.0008884398301331269
-1.0065876555001643,-0.6821268336605669,0.0002539147387895181,0.0018740144883124248
-0.5490825614135517,-0.9337217120381547,-0.000764882926122665,-0.00169339107698641
0.19133500251844954,0.9155747295864488,-0.0014969398009993618,0.001322660630434915
1.1942138225658883,1.2924401567768282,-0.0003969642288888602,0.0006563261894157759
0.9733264569491086,1.01571001673909,-0.00042527888558933224,-0.0013730988078352008
1.2271846445933532,1.1214424721752825,-0.0003306898016943038,-0.0010187103761551803
0.3022694236276968,0.8294717380568111,-0.0009781069355786758,0.0007271816435466083
-0.04035253482573739,-0.4922316864075996,-0.001698409166385641,-0.00029931791133110987
0.729608578900651,1.2538344718450154,0.00028388980666854783,-0.0010103133917589273
-0.31462470892287037,-0.8909267188466836,0.0008814465065210803,0.0014261269348787532
0.18196626050751877,0.49397796160506924,0.0004225633222810793,-0.00012655562192698282
-1.2047850535051832,-1.1653773804468157,-0.0005853556848294405,-0.0025069927940675686
-0.26995396138174976,-0.3843576524584351,0.0001821458357335502,-0.001016697575626372
1.5856482111198793,2.2285877079575283,-0.001113803517680577,-0.0004597271036199719
-1.137555262586918,-0.8647219123048645,-0.002261588247025143,0.001233772458932053
-0.14458290340630053,0.4358133814788082,0.001691505185917372,-0.0003312299792909733
-0.17358543783798716,0.47481998984722845,-0.0012604518926402138,-0.0003709931093321895
1.0128290171882248,1.0276604352756,-0.001435320305314324,-0.001351285924804829
-1.1777953225378894,-0.7410346097184065,-0.00043625171484737863,-0.001613163836549013
0.7070632146332686,0.7637699986014228,0.0004807559873661509,0.00040723988809495353
1.2085682893743388,0.18606571597695587,0.0002484313097995279,-0.0006455376458362045
2.073217290165032,1.4940847142237508,0.0002281475589210489,0.0010014784165090205
1.4391302550643053,1.546539862366674,5.906201362006284e-05,0.0020304472157440805
-0.7538334819102402,-0.7083771053894227,-2.6598493441257152e-05,-0.0002278040044904467
-0.6775799636843016,0.015955249675928707,0.0006477149271268428,-0.00025851935333715275
-0.2409212927420965,0.08363947705117183,0.001260932491194104,-0.001318454356771614
-1.0662500734844564,-0.7621267672603129,0.0007579946242889834,9.392502414343143e-05
-0.5043838629039533,-0.7277944726336654,-0.0015681867811885297,-0.00021814610887248092
2.4209034297496372,1.8900900371003653,-0.00018327547503353396,1.6230103987725862e-05
0.2152645260951459,0.8839439461645292,-0.0007111665417862641,-0.0005118311120905872
-1.0835254215256604,-1.6297442377830784,0.0035982061510488176,-0.0008411190465024742
-1.5765364233958081,-1.664359250543438,-0.0003332114620178993,-0.00042168825884983954
1.2075956981081362,1.0501361911856781,-0.001350713393681827,-0.00027116613859232635
0.6949338740198122,1.07335522608316,0.002220409576347682,0.0004854559326719929
-1.0700037299572085,-1.3473829454247586,0.0005852389870814081,0.0012092777169070575
-0.2445054198690998,-0.5782248454111723,-8.641884506227799e-05,0.001055063575535828
-0.9002004712890592,-1.6286406527426665,-0.00039797327427343234,-0.00027947895065920847
0.26196718825425785,0.11368509320227026,-0.0017631655263710508,0.00033676721344873235
-0.5557837699802642,-0.40574360883626637,0.0014958653057104091,-0.002006361027603375
-0.9444376541492483,-1.9494277392042205,0.0010158271918886935,-0.0014566720923174553
-0.32724172046089345,-0.2719206600666166,0.0012118116818532632,0.00016307113312979447
0.08526784306224491,-0.4697995391607448,0.001445475527102917,-0.000797039514052073
0.145884741117851,0.1146032793561322,0.001549579367936603,-0.0010009658595086805
0.45852348200858606,0.8516336665218123,0.0007485290904996313,-0.002246649443708226
0.6011619308892077,-0.12097594693071509,-0.0020006750352964888,0.0007739174241170751
-0.6290165984266642,-0.819810482210599,-0.0005331949109792181,-0.0003399824115148087
-0.001406763104936537,0.830253512992629,-0.0016692191476097296,-0.0008899283293726568
-0.03094926160576584,-0.07404478678248588,-0.00018195750288176797,0.0011741602667094612
-1.3592075622575341,-1.4849488311945196,0.0025677388012736156,3.2117799767353666e-05
0.4846162040876728,1.8805614286280767,0.0003172256207493743,-8.363701280028911e-05
-1.1994666258466555,-1.2409755639456177,0.0005000136534196359,0.0004821053299365741
-0.35036066933708,-0.12398374471917406,0.0003290560628527038,0.0009590493533978674
0.2847077950051008,0.6173999996953696,-0.00019140445310562317,-0.0005641870769460669
0.9118277424694863,1.772648824440993,-0.0008164855879826577,5.759201891819821e-05
-2.5819286308889096,-3.123887103287206,0.00042660576564945945,0.00031369365175000296
1.1042099765125826,0.20662573515864002,0.00019826226416535614,0.0019834403490600993
0.47124506711475567,0.3345045950314305,0.0009124545719146881,-0.00045933373670609053
1.1827358191882222,1.4305743747286235,-0.001988401502558496,-0.0003008418254565173
0.8018762366961656,0.8576719016687722,-0.0008546627801325196,0.00037773083050968815
1.914765199121014,1.8135140455410679,-0.0001333176122660871,0.000536934072238426
0.01752631978110758,0.017242156723969917,0.0011793984231423945,0.0008528485179010093
-0.15024323957189623,0.16427489512768328,-0.0019276057754248066,-0.00015296179211294236
0.44246469194388466,0.6294679511186956,0.00031137322539487045,0.0003938618100971754
-0.76876959127313,-0.32571571582645864,-0.00018197081017419286,-0.0011177054792487276
-0.8589211528844034,0.23109754751893158,-0.001446373219168225,0.0008929258873717087
0.15769236586078214,-0.11349924657260077,-0.00048325463203998515,0.0007122071258221397
-0.3602917576174796,0.6739987318619718,0.0013373901657022986,-0.0010279610468805311
0.5803000318927216,0.5444961323943348,0.002234569656907043,-0.0006158795037116568
-0.6941921648128876,-0.7363618824714979,-0.001260564696766574,-0.0006995921403719482
-0.7116080935928805,-0.24160881261977016,-0.0011884773693825084,-0.0009393428715620067
-0.21049377732835345,0.12917100790311153,0.00013015697514376162,0.0001097502264328522
-0.10227622936952159,0.24541723493456946,0.001133798831775288,0.0004596157766968274
-0.5079960740240878,-0.38227743636645684,0.0002569532229077796,-0.0004352187248140526
0.09230028355356983,0.14975317598054083,0.0005038219978457071,-0.0017712560793793854
0.43071304038672237,-0.05530696402069346,-0.0011529538592680909,0.00023702286410193433
-1.8867676816337273,-1.7786491350902818,0.00020560542506611404,0.0008666593896281042
0.9458760976836076,0.7561835748853022,-0.000125635633597583,-0.0009544226963235047
-2.609644264017036,-3.636245779726437,0.002623186129758693,-0.0017540813380901635
0.44762731948780266,0.663543876725349,0.0009145268386180546,0.00030933166440788633
0.5770978358275842,1.6668638051186622,0.00047028889133450563,-0.0023357560418880282
-2.3422919632958967,-1.3421485867836784,0.0005321839389746762,-0.001540104670728545
-1.4406404373013912,-0.4361765358858406,0.00023880653271953257,9.615846738796944e-05
-1.6077043389787238,-0.5996352790630473,-0.00021354317073905314,0.0004797167044597126
-1.1925636115109202,-1.0343019107386846,-0.0015152943815272182,-0.0006731513328557413
-0.14763695421133843,-0.8072242406305421,0.0017347711902091663,0.0006471314243950329
-0.492029619400917,-0.7989930212187747,0.0011770617491460727,-0.0008370783107942371
-1.954592855156324,-1.8055187664749928,0.0007981625127952509,-9.232682969588842e-05
0.23375128181579294,-0.18165845334023112,-0.0004389474235577915,0.0013564366595254953
-0.0836221284230145,-0.04980327082111029,0.00043374363722962903,-0.00028195279352555736
-0.033300209400482284,0.39308979263461946,-0.0002080948987990219,0.0006189654774438039
-0.4463248715368493,-0.7963319032585829,-0.0011750728613361336,0.0006913592332244255
1.1373650034902711,0.727702072742386,0.0007089668329621556,0.0013164939371991312
0.6025854106818067,1.046412248084,-9.842152651348546e-05,-3.877042386714489e-05
0.15853221679490262,-0.23598473705345663,0.0012410393089673502,-0.0003776990488260683
-0.12200619972945129,-0.05897262124800999,0.0024672563819798056,0.0022666058465330968
-1.1747701078821704,-1.780446942382893,-0.001957647214740631,0.00038970583224719337
1.3585500798646974,1.0265305216379876,0.0007040416971111285,1.2339701364387591e-05
-0.7901978261949429,-0.08982926054909529,-0.0004561015358820356,0.0014244680849195477
-0.09471760646273972,-0.3349344322755437,0.00035944161307336335,0.001749492829846212
-1.1416494771294283,-1.2704315592985442,-0.0013333672092510223,-0.0005689509250919849
1.3564953473583203,1.6234283201398432,0.00022597620690833882,0.0014290836523161606
-1.243880795757709,-1.3668348869964242,0.0013057852988256281,0.000256545114421246
-0.41540204631755373,-0.6835108402250946,-0.0012168083892110414,-0.00035160500624769545
-0.6102278463459607,-0.5658788484099185,-0.000114280734417574,-0.00010421847152738053
1.0566029521725089,0.6669225176536023,0.0003457304290674027,-0.00022505248945194458
1.8976706414542432,1.980199201188201,0.00132127998182058,-0.00021928467449475
-0.18959484011128147,0.2746254989719189,-0.0004629237929763774,0.0007186684915047254
-1.0838182050976788,-1.3309545599630332,0.0003369536803273909,-0.0008067840705491835
0.5370793334268971,1.1863984808146557,0.0011194411398567981,-0.0008892600957966343
-0.2998139427110267,-0.17640846906511387,-0.000449723131974545,-0.0010814394893088938
0.18280093743853904,0.523806358193286,-0.00019832203925952233,0.0008872034018271092
0.4167838401827403,0.4703750657360483,-0.0015418221395178781,0.002365275270337896
0.316163851113272,-0.7574063420921445,2.560403109191211e-05,-0.0006050169442478703
-2.2562064765351346,-1.4051000797872495,-0.0005079751964629464,0.00028679515587934443
-0.23678635383423693,-0.49130311587091247,0.0004821950144989196,-0.0009307869991408846
-2.33799174765634,-1.7111150069358927,-0.0010927956580200043,-0.0002445129890167711
-0.869568399855837,-1.12248573817909,-7.880791253758016e-05,-0.001575686898735156
0.29068895151147167,0.9903482663548194,-0.001262643152744759,-0.002276941469830344
0.22415796993989417,0.019929441080749358,0.0013448940106668894,0.0014969890906380327
0.2810571002990092,0.2886908935812145,0.00034492773809382307,-0.0005295011666543528
-1.3378554088163024,-1.1847796110467714,-0.00019390559410000272,-0.00018790098504914448
-0.17895086612463074,-0.456025001605214,0.0023471879564619927,0.0002179560455757596
-0.6355732775613961,-0.23287316422765367,-0.001223168289332007,0.0024134879668419743
0.9103186952340057,0.8510090074672346,-0.0015891732605023056,-0.001689823871068343
0.7602110046174703,0.7512782301522101,0.0006940995426373708,-0.0013524532740135566
0.579040044812675,0.4606528215790735,-0.00031840269136425373,-0.0006533137597786856
-0.7793273555137537,-0.535293365459563,-0.0008322083702501786,0.0006702396682261069
0.3044442997064942,0.8517628006652259,-0.0024573291567284057,-0.0009042982366431415
0.5675867729517201,0.4578265714581583,0.0002788435162290634,-0.0017102156831961045
1.8751255062175387,2.2085016040537,-0.002037068853434676,8.558591713758228e-05
0.43141920329458155,0.5999147793823928,-0.00047804655203164466,-0.0017183753836625237
0.9684339383999092,0.9774718134866087,-0.0005316476688292693,0.00010465931539135954
-0.42139570170313,-0.5004186488722672,0.000719572918654343,-0.000871019925078889
-0.510182339121293,0.009190397076122792,0.000610821059856467,-0.0014905922686949467
-0.2542257200835147,0.03731533712217991,0.001379312277440472,-0.00023882412903995887
-0.7239277367855983,-1.1727735097908516,-0.0003007444177268436,0.0010550617077702002
-1.9072278772489382,-2.0523338213300417,0.0013085690619525725,0.0003628294903616548
-1.3811716115366726,-1.0088194686566279,0.001803007900388468,-0.00016777167552379466
0.5734156001899301,-0.2098009495659759,0.0013351839048906648,0.0006361843636978308
-0.7121296761264314,-0.8567110749529746,-0.00109481348228977,0.002686794512106148
0.41037949586698713,0.4156111046845704,-0.0015409663360640509,0.0015607399570480521
0.7316570523015142,0.653372370670961,7.146770487403027e-07,-0.0007360575499410401
-0.018663520834874103,-0.7796456005551868,-0.0010384097201393736,0.0004230985093236569
-0.6073950081799645,-0.46275338655397064,0.001004997132263833,-0.0012466916377988759
1.93872830431148,2.1657150515151136,-0.00101319317241903,0.0007618571654524047
0.4099122364742541,-0.2251210680114321,6.977729370561879e-05,0.0006224603488382144
-1.4988720410121665,-1.4280030093189393,-0.000913695522224716,-0.0004359745927245835
0.9703385911915007,0.8257702668532885,-3.0656549886945076e-06,0.0009293432572608415
-0.8285346945991174,-0.3554392310725842,8.805586323984961e-05,0.0016483471040147223
0.1039418007235528,-0.13091851994806616,0.0009066691316534222,-0.0012101086030955452
-0.5901738799250669,-0.45291498313049705,-0.0001545783829556814,0.0017703621793094563
0.7824461333052444,0.0990306941650263,0.0002938990924016985,0.0009675816033730889
0.9154080828594527,0.990833414427316,-0.0005350357738677183,-0.0009045671966672721
-0.04819156082483342,-0.24915597427634778,-0.0010351180289751535,-0.0003128831425938271
1.2076060224942546,0.7757197909995849,-0.002215895119407447,0.0002216271575038364
-2.004752332918759,-1.5746369365051245,0.0016907439211813384,0.000500417367660351
-0.7906209604454663,-0.7602622382490719,0.0018563103842858266,-0.0005371389491903159
-0.4852387246625691,-0.7665765686873931,0.0018960986373412019,-0.0009910149790686128
0.33874849574259913,0.15039322504648073,0.0010984349167551526,0.00034873573273735937
1.9157111875376525,1.7500306529029688,-0.0006512541701505709,-0.0010902572551352194
-1.4573908568093774,-1.502585606268124,-0.0010763494911766338,0.0001653106362254505
-1.3151405414459,-0.7638832033316898,-0.0002524530382714661,0.0003948197736260563
-0.157623956581615,0.04704000001120861,4.219546435454957e-05,-0.0005538831295375322
0.053406473639785526,0.19550709819917161,-0.0004634780549864877,0.00023360807861810509
-0.22792288918950213,-0.34613463996788474,0.0012997437923863134,-0.0004504116854750471
1.1109300620081486,0.8540872200644869,0.00045027904734550647,0.0016193508768991278
0.48317171712254614,0.16088869766193434,0.0012002358311784822,0.0008834723663119627
0.46087441259097983,0.19440741823797378,0.0011827771995537968,0.0007983209507318633
-0.5206148657813242,0.09091448733029192,-0.0011571449329024887,0.0008489720115679274
-0.036487861520004244,0.19497498504119293,-0.003232258186289781,-0.0012993251333099736
-0.46964743292395916,-0.305492524509956,-8.313279484231022e-07,0.0008439867269244553
1.3149986429567766,0.9791392606881266,-0.0017801361015513755,0.00020148053883337432
1.263395062043882,1.306254441424932,0.0008213057071034368,0.0007024954087074783
-1.5146325443504995,-0.9879646637793983,-0.00108493171588531,0.0013246767140778965
0.1913584429597063,-0.16137134861852848,-0.0001373591835901768,-0.001991150544716718
0.9393114338490897,0.6225202543319397,-0.0003745237709462715,-0.0006733160139413413
-1.3130994753891738,-1.3177925605549141,0.0014445921436524048,-7.982624050978576e-05
0.060303504300131885,-0.20009670276612818,-0.0021359577239598707,0.0010341355861894273
-0.11135466054491519,-0.11193344162604499,0.00025749959171826055,-0.0013878754139587865
0.001235401360205543,-0.12899808354289746,0.0013220081793145965,-0.0011222456222260264
-0.9202002274051755,-1.478248944407964,-0.00020961710669129994,-0.0006480469524731842
0.08467311171000597,-0.8253700779130606,0.0009217946748590776,0.000561018140801614
-1.2365836594531938,-2.160623258306985,-0.001069487924671505,0.0022986565179797446
-0.4320649008682101,-0.5233149531108731,-0.0004386011009117227,-0.000147672888705702
0.039071049750202466,0.17571204280890246,-0.0012965559935883065,-0.0007193227834312453
0.6576622051744784,0.201619327795259,0.00173089894869068,0.0007484848595577624
-0.8546391424677178,-0.3591520116043626,-0.00021052075417373788,0.00042673155938672056
-1.3469610960480587,-1.5294795038721367,-0.0012486289983066512,0.0008358617710509816
0.32342833700904594,1.0387677724168252,0.0009942331213686306,-0.0009275956910704202
-0.11623414548967448,-0.03471357401126395,-0.0009836346198675912,0.00032187939876854077
1.2657931119463,1.4132802407470038,-0.0013380363104415656,-0.00020970779440063604
-1.1187937111372523,-1.4496913824986253,0.0005403394707321014,-6.145631769728622e-05
-0.4701927759476172,-0.12004504195951782,0.00043632246465311855,0.0007104453044098592
0.6153945653611317,1.3265366121420001,0.00035330588861873414,-0.001693015976148905
1.886273383339079,0.9699708091722443,-0.0015761486000036129,0.000299615508809326
-0.5355800558219284,-0.8614849579722432,0.0011766238560116315,0.0008428303386034969
-0.05386535542129134,-0.9958466448938585,-0.0002967911209776677,0.0013944040004101712
0.3108674669735099,-0.05821974249040979,0.0012204469552020663,-0.0011909317221545745
0.889744584407128,0.9774881513070351,-9.27659635543395e-05,-0.0001283691254803498
1.9224234416861865,1.6730374508186614,0.0013244994928550845,0.0005346916755459908
0.5090467112088093,0.6148801074232599,0.0012102020241869312,-0.00018381468761733178
-1.78481145866892,-1.9894444037700056,0.002101111382433533,0.00024524521447709743
-0.05081980864945444,-0.062447028471017144,-0.00010828225203698336,-0.001070557683068311
0.33617877907103344,0.650697200406715,0.0007942996664764715,-0.0002935559500658489
-1.2825811692751035,-0.7602785489516264,0.0002834128560323501,0.0008644068142306863
-0.22810513613262062,0.23765020849307314,0.0004007163928278958,-0.0005711241787916419
-1.2698424855068369,-1.3925521785162112,0.0004895046431528104,-0.0006028664134255498
-1.0240325286916572,-1.4611498306924768,0.0018714745080522237,-0.0011107948954520344
-0.6794790597144491,-0.10744942010950032,0.0009540832761187411,-0.0010098686015427992
1.6359813688294769,1.748605324451242,0.00025042792741927056,-0.00046249760123164626
0.23405436669346943,-0.2099871880788708,0.0008000824913012139,0.000376569731091618
0.9257338687380836,0.5986068939116393,9.08720802983142e-05,-0.00034841843003572954
-0.8029899842104271,-0.5412245030384346,0.001034877816375249,-0.0006474419722996894
-2.303180372304441,-1.8875257449833298,-0.00023411662715743957,-0.0007555807677995735
0.3579897757835445,0.304237453739403,-5.534312448106223e-05,0.0006417796456379893
-0.16826287595597678,0.028755520069369364,-0.0003307612752730377,0.001146302343094876
-1.0548134157840174,-1.0107266271718593,-1.6722790899884237e-05,0.0018487968360996168
-0.0052587088889255555,-0.029823885049144804,0.00024876486720368365,0.0018437094317317467
-1.0387900190356534,-1.3120949028772737,-0.0010219573851650693,2.294198166308249e-05
-0.19309552744921238,0.10464143536769718,0.0001187445031258617,0.0008905129219291567
-0.35479599542330076,-1.0335207361740664,-0.00013270551675125794,-0.0005774186865363444
-2.2288039606372076,-2.5989775921790765,0.001037002781160902,-0.0004879104534047928
0.333105414206241,0.025908593240292793,0.0014203859306558134,9.444356973401988e-06
-0.29232949178830564,-0.2509994716373316,0.0002796805406466471,-0.0008805685679485364
-1.2941781829669075,-1.0539394538683524,0.0016604982475407818,-0.0002375767604153916
-0.048128183539614816,0.299228478618745,-4.2115923621084934e-05,0.0016828608857864297
1.0664679166153581,1.2498565859781607,0.0008436467648878749,0.0009547483255174668
1.1691347169052269,0.6790727064989799,0.0006575687220278025,0.00012607137704296971
0.6085932531379885,0.8789581918022066,0.0007858103973282301,0.00011134213016483761
-0.7183752986683205,-0.5544583561830065,-0.00018419705738085285,-0.00013744765746186537
0.48563021500771814,0.466203255454456,0.0007306969170212222,0.002089907840447045
0.5079214962527517,0.3368923686519706,0.0011469288446219164,0.0023307083758648214
1.2109879146468996,0.8924173593099396,0.00017370175170050407,-0.0011118497325946254
0.17222351354969698,0.2375908681652926,0.0008978565890805644,-0.00027562756295262643
1.218069223496094,1.0811912360316815,0.0013113367480053146,-0.0008831392355581713
-1.9190301153072082,-1.065495902944969,-0.0018424747452055249,-0.0005637124399379426
0.3092703055695212,0.5667366768382928,7.838450306340495e-05,0.00017456807799917737
-0.13889946322430813,-0.6441270229756351,-0.0014258660890047463,0.0007104630604145633
-0.2477785130869151,0.13932515699913336,0.0012543623511444685,-0.0005406466451987391
-0.883797307070042,-1.1645987808881038,0.00014310793228149586,-0.00020449790240717594
-0.5307174849562972,-1.1279201313748546,-0.0021754442460798357,-0.0008586906828147501
-0.44913387012667505,-0.7999195950668642,-0.0006695473400379602,-0.00036273242245488173
-0.8819919410792001,-1.0849989764427075,0.0018954990952758854,-0.0007300476710274199
0.13467003642064146,0.15717838247375196,-0.0014314292512954219,0.0004349814004895343
0.6968846861374745,0.6331208218478801,0.001078530176618659,0.0009779553807020165
-0.31210158316637404,-0.975768483406011,-0.0009803361661488356,-0.00040833241464293036
-0.6424033408373775,0.01841253481716404,-0.0004267076655292221,-0.0008115693858704225
-0.12888666307632757,-0.7662047193247282,0.0016241676790896766,-0.0014678938285984445
0.8755204543291154,0.7513610630350894,0.0015722468119239738,-0.0006635679611096154
-2.4154412859470384,-3.0560950028115013,0.00022003525223525118,-0.0004788674955228462
0.4469325409040291,0.3053534702832269,-0.0009038702582094451,0.0007533614681046516
-0.2650444150671462,-0.5747039894041691,0.00024847540962551185,-0.0009603679617490775
1.017182620544642,0.412496135704687,2.816621043463139e-05,0.000732970456873176
1.0855018468275226,1.2075242521104117,0.0005782215656338955,0.00021377580921478386
-1.1743859678813757,-0.350798736695718,-0.0010643572108058994,0.000145775552288524
-1.487292825214301,-1.9695901698113105,-0.0017059766347852256,-0.0015177609453323568
-0.78595985934904,0.03139235194971718,0.0011532967840105776,-0.0007040872822014142
0.8384306973169839,1.0802301679047475,-3.908629573586518e-05,0.0005752799901275722
1.710782451872503,1.6422047225705139,-0.0003396918515848575,-0.00010726769015274133
0.8861503579185381,0.8939887057109612,-0.00038988211216152484,-0.00020270637538171078
1.4149477269517878,0.7193073112322494,0.00034398707837712887,0.0004512636157558399
0.22543268195462107,0.1935903724315857,0.0009941258056501345,0.0011823041671224388
-0.24511943652826756,0.5129625527036433,0.0004826892223667488,0.00020553784498529378
-1.3044440932515426,-1.3296692586616379,0.0015546002521633138,0.0010862665268606974
0.09133107115419578,0.45586840500804315,-0.0011241653110463101,0.0016247482285293002
-2.1935702327914197,-2.1516490879008905,-0.0025457133012674856,0.0005661407177790734
-0.5034993445284262,-0.4277159742678868,0.0007697099795863294,0.0019075168137375508
0.6374185088018124,0.36516778346875617,-0.0003834682378162612,-0.0011011346152733671
0.3555339717489785,0.1366217563398582,-0.001358324722239364,0.0006628761903778721
-1.8451201767928949,-0.9736171624864168,-0.0012154108168129364,0.00015805779490352922
-1.7521894913280087,-1.3845505054865777,-0.0018589568316345968,0.0006025548510490135
2.2013834645773263,2.6400761316997077,3.506883839155132e-05,-0.0006220782491260651
-0.477086514091856,-0.6750201055649405,-0.0004229373114977263,-0.000948599190855353
1.584091779167076,1.0022084449907838,-0.0008886676157444672,6.65343950724625e-07
-1.278419947790903,-1.0778410593904393,-0.0006634882674047062,0.00034515773614368715
0.6587442573187552,0.9307893127653588,-0.0006010517268163681,0.0010041555739496498
0.0920800714767128,-0.39925971489818324,0.0005895284251343911,0.0019242140398430165
-1.6684710440850739,-1.2603313159145866,0.001209719707407275,0.001316419346020465
0.7063429636131584,1.1387133564856267,0.0011780502582682795,-0.0006989380322090284
0.21033169416299047,-0.8039910759552683,0.0003824512132395396,-0.0003361982056536737
-1.2326967518341705,-1.51202505282779,-0.0003823330285033138,0.000800305556341687
0.6511061220595741,0.9848879055646338,-0.0012291445158332903,-0.001161675723393219
-0.8165771412001858,-0.4628380433277818,0.0010667200301596224,-0.0003463430570416869
-0.5182927398478837,-0.48343773417017316,-0.001722032145918036,-0.00048084112155375873
-0.9300905986980845,-1.281724743490594,0.0005822664401326067,-4.349139785666074e-05
0.4906168937676306,-0.4128420219301625,0.00037584369975541474,-0.0004938750122779026
-1.0177547171714267,-1.4566979889328096,-0.0015306706920878764,0.0008809501787475262
-0.27972624503001986,-0.7001040330101211,-0.000892861823396447,-0.0012629574425352698
2.304831742903317,2.6566446800812518,0.0009550497833105859,0.002086168230653925
1.233241786593166,0.6558645700256489,0.0012780684006220538,-0.00039411561964664563
-0.9813052251836968,-0.4219273860658721,-0.0003165825376843527,0.001646343204257152
-2.3136270446409033,-2.471071762842191,0.0013186883621599925,-0.0014911280444135902
-0.13306316526984868,-0.12756401631259492,0.0017176619880547664,-0.00044767481167227796
0.5363627045142232,0.3836223666438229,-0.00023460483135345463,-0.0003717312074668387
-0.751675559042283,-0.15194898372431526,-0.0019123575473344017,-0.0006943424605009961
-0.6603968742530786,-1.3884783650984076,-0.0013164509899241741,-0.0015577647911161072
0.26504770436573255,0.626124899633542,0.00016985679777734806,0.0001591635672941498
1.4166770116311125,0.8528254529758966,-0.00019605101981492155,0.00032650748917266903
-0.556291977907631,-1.2399179857748526,0.0008624220015666493,0.0005783671511287068
-0.19607881195653,0.055243259767437033,-0.001077037229517945,0.00054881735924896
0.26135940066443597,-0.16396623087485016,-0.0015755965424774962,0.0005031556287114463
-0.5076435287922332,-0.0747713988057031,-8.647934566615404e-05,-0.0003012767266711768
0.10429765528656676,-0.6178702535542457,0.0006592183988802347,-0.0007931729000833451
-0.15567147476168575,-0.27140291619778983,-0.00035638948797007546,0.001217695446852876
0.6376868488219464,0.411747677939518,0.00034851892903620135,6.674792283816976e-05
-1.5524105423708023,-0.5775485989780444,0.0012017073741175993,0.0006788821478597967
-0.19052254321516882,-0.5347554803348733,-0.0008590291088782408,-0.0003608233271935662
0.6670054142404382,-0.5490627864488611,-0.0001253018656057082,0.000669434317989131
-0.5078750640265178,-0.3648772297906101,0.00041856174716524414,-0.0004889540202950259
-0.9992566051918178,-1.377611008258085,-0.00022272592450832664,-1.0006937013321992e-05
0.19821816388894692,0.32871595587855296,0.00043714891825163277,-7.223621684452171e-05
0.10841097069656769,-0.6989148465512023,0.0008174322739444874,-0.00023773588341065118
0.5984782230017096,-0.20867903312300948,0.001762111985355195,-0.0012440107398128226
-0.08483167115513426,0.28730284409249546,-0.0013010331197859523,-0.0010203857716993114
-2.3053298070396036,-2.15460099729261,0.0002447808479353835,-0.0001565733502815656
-1.223343825507853,-2.420470215221372,-0.001894208772541229,4.394509099557024e-05
0.04681226403982219,0.3846028630499988,-5.942262181278478e-05,-0.0010307101288564793
0.7006261288123454,1.332765548974308,-0.00025587312667421674,-0.001429212715198066
-0.09646383083778406,-0.09968544731925671,0.0009838470121077485,-4.374361546105477e-05
-0.5641111337801672,0.04233989061878851,0.0011849061166259724,0.002148836012788093
-0.5836542380794449,-0.2723960091892691,-0.000478563201426313,0.0011369707214971773
0.1534721479538123,-0.47405564699044056,-0.0004190846167475388,0.001503624309693852
-0.20852709161916894,-0.3470886147810045,0.0013309469116933278,-0.0008232679909826301
-0.8033080967597246,-0.45608463789261616,0.0005926956222564894,-0.0005031424990815514
-0.5749693837642053,-0.14289538904580962,-0.001320064706245452,0.0020739003280633864
0.3582640360423767,0.3206633484149053,0.0010314600341853942,0.002123128606597117
0.8879488185574101,0.7408030885958795,-0.0008976773008068383,0.0011966497052670476
-0.3967944753343484,-0.18275151042532256,0.00044615823579965746,-0.000639268148670791
-0.4911451708482715,-0.4583015571332678,0.0006188726451142008,0.0011723146854521103
-0.36844753087817395,0.27775908331855714,-0.0008441038756075354,0.0011881525698745705
-0.13316827694231737,-0.16354656456528993,0.0012011607102010973,-0.0018336385601334666
0.16214992523432337,0.6356260703481672,-0.00043344946274500033,-0.0007979089717220538
-2.150431403726507,-2.4654300164665583,-8.353949376543877e-05,0.0022303965998269654
-0.33525659900548477,-0.11509044858636232,0.0008155927039169554,0.0007350472035333403
1.140796687782854,1.126683054044709,-0.0006176723365259191,0.0008285600478193819
0.28079652938916466,0.3857117583436412,-1.168216817079394e-05,0.00012951626461963554
0.37103779447861074,-0.5894503931836845,0.0008676533598950965,-0.0006536655138165355
1.535856217462558,1.0696605680183562,-0.0006098740795505728,0.0008972078565224884
-2.0974619744165603,-1.9958361820749948,0.0018207805270394634,0.0010260797461032706
-0.7275202212925711,-0.750367070006454,0.001069463246566428,0.0016706339731532168
1.6931168056511396,1.7569485256750152,-0.0008225918313122711,0.000766267338285087
-1.014362812096713,-1.1084442582865401,-0.00041361457970991096,-0.0007790072265027958
1.3534985212809052,1.8445167568756973,0.0020465087583705463,-0.0014907057752197865
-0.6825140620851677,-0.1546757266959931,-0.00025224521959355364,0.00018999749480565046
0.798442132131647,0.3881764801531753,-9.020712524192946e-05,8.834390469201964e-05
-1.3271679971511379,-1.3443997991797063,-0.0003247973432751232,-0.0019069751324037054
0.9839967114028566,0.6046727225416579,0.0006088233792987787,0.001477580095130727
0.3887533799965962,0.11937156569363855,0.0004562490332679805,0.00031391029193120245
-2.4059575732257983,-1.9438164980222656,-0.0007810196789631627,0.001446960307651437
1.0538956401202388,1.660018843612331,-0.0016926859355924227,0.0012407807655506217
-0.7748224205241484,-0.5243195227124662,0.0006437652059821026,7.104143051105648e-05
0.37265688196062846,0.13895073860192847,0.0017229400656771773,0.0012251878247130428
0.6474606869943262,0.327111292287449,-0.0015167318131231375,-0.002226721449970332
0.7349786826163467,-0.022613230255883243,0.0012851984333812896,-0.0008274070132013947
0.6844908505450141,0.8446867816490953,0.0014119200339477536,-0.001286322455872303
2.7291670502541736,2.6411774615792627,-1.7671276198680986e-05,0.00012593713293500928
-0.05529454317123794,0.3513882306382671,-0.0008365062935667925,-0.0023875335913795194
-0.881792099758692,-0.7508527852673912,0.0007998430607507405,-0.0013309372825433426
1.0194142359992369,0.5942544469518711,-0.0027295387725163214,-0.001228910910738265
2.1811555039060426,1.115874308528923,0.00194316964674611,0.000564835490158293
-0.01781275744271625,-0.19220558998931364,0.00017752850664327002,0.001237670999184888
-1.9967946081656547,-2.1947450473783503,0.0005594224095246349,0.0010115363602014706
0.7122874631729514,1.0747147793072584,0.000605192713677142,-0.0006859271800640211
-1.1679535886581307,-1.2620042019424251,0.0003053052678255572,3.46432943655446e-05
-0.7074531866100272,-0.6806306261968803,0.0007143960392384609,-0.0008358378223004537
1.143287795401594,0.02228006694772,-0.0012384511948374775,-0.0006203609205797545
0.2869636014071796,0.44866070874339087,-0.0007378705598524705,-3.516178013401774e-05
-0.63137917417338,0.0745500709048969,-0.0006578288423721454,0.00040936765099082597
0.3941928064906806,0.09233655563903076,6.567463381412204e-05,0.00010352844765279751
0.9914740828862098,1.15646395745459,-0.0011549778354812217,0.0003738153196772198
0.0019043605293823096,0.5972697485537758,-0.0007352214080819145,-0.0007659404867830608
-0.12289087439876373,0.2887911039921906,-0.0013447673037581185,-0.001900563758382776
0.7550751258024913,0.1469988560800894,-0.00011645502938202021,-0.0012357035042999832
-0.40750678365979376,-0.724825873806395,-0.0008402444833729002,0.0015734414320070242
0.011983421376987491,-0.22648451893478277,-0.0006814295568900012,0.0006205506476557744
0.15120998288347767,-0.6309061391698801,0.0007441794789337451,-0.0008521927041395754
-0.9921211041278335,-1.3708196057631932,0.0003509214357646191,0.00027385886131957776
-0.10272431234033239,0.15005002172879608,0.00039584387134926813,-0.0004593298395530745
1.5062373780575513,1.4923409365171487,0.0001423192002992761,0.00013375631583921807
0.19225261467425997,-0.4137796534323253,-0.0006431119542068377,-0.0015244379629312174
-0.3591967237304441,-0.2929985098282729,0.0018982732697265558,-0.001266437119345479
-0.4634943654219456,-1.1642467392988125,0.0003303334569998828,0.00022021446086735932
1.0010182228416544,1.3785528077831377,-0.00023699574852870377,0.0006542845954226712
1.4084361212744365,1.8305492126540122,-0.0017449740041949294,-0.0002526223078126393
-0.8708620624734656,-1.1181213423588239,-0.0007060381910631803,-0.0004889959117432457
0.7818129512733039,0.10194137722898239,0.000730179440896481,-0.0018731816927880858
-1.0321759892487283,-1.1426513094643365,0.00014709266855945864,0.001963553043663692
0.5651184683366172,0.40240735403317257,-0.0003777627084910315,-0.000901806065140575
-0.7999255743538602,0.23135075769392893,-0.001464167368795978,0.0006313610565819105
-1.8495705622046692,-1.6693861036132354,-0.001079247556424375,-3.071354612866384e-05
0.3721134777438141,0.6818988231439902,-0.00023729485950234897,0.0004972641815702106
2.754706081212544,2.3255413412916415,0.00129378943932341,-0.00012046117498548336
-0.8224366575945975,-0.9311949226132458,-8.674036921726469e-05,6.591899636086197e-05
0.6320859659458455,0.4016160801757124,0.0004795084487608272,-0.00032656140687019694
-0.8878044857499525,-1.6714297077257898,-0.0006266617242031145,3.129681836660212e-05
1.5574895814683585,1.357337169641203,-0.00017560141732821596,-0.0007299591981092104
-0.14106661499713502,0.10160131612527667,0.0005200196896404633,-0.0004016077750354653
0.06346731334320967,0.13357314700803175,0.000584008793299445,0.0003136707974161304
-1.1852507617639845,-0.60103630314048,0.0004843199156086161,-0.00034037980018926405
-0.8948855376323034,-1.3517705587119548,-0.0010288626276863868,0.001834161165063075
0.04745199096059524,-0.5074218732026023,-0.00037691762289610633,-0.001191949693845633
-0.8142754797976862,-1.1127833781601675,0.0010067240507077638,-0.0001568128802253742
-0.8704229199971494,-0.8672897405154879,0.0009095623449752945,-0.0006042899141103017
0.9710137380206759,0.746104811713211,-0.0009978659252887962,0.0008881583288035718
0.6480260885032837,0.2512235874707657,0.00017184897098723267,-0.002442143696159482
-1.39058694741112,-0.774589053838151,-0.001437167383092381,-0.0011187218860360545
0.1647165665291555,-0.20094514609356218,2.1323679860006893e-05,-0.0002707034312722132
1.1136576212575242,1.1062868047805359,-0.00043390120372684176,-0.0003476878240420697
0.025209226938784038,-0.25488578482619967,0.0003549449785498558,-0.001700148422687123
0.13367090359647615,-0.7475669833994533,-0.0011944599838993896,-0.00041386816177502953
0.8122090500037442,-0.03841940333011912,0.0006980291604728546,0.0019522177737132402
-0.4693938961531998,0.2966616992892576,-0.0009336475326324862,-0.0009164340644991654
-0.40928668368152377,0.23269771997546174,5.038921819945278e-05,0.0005729301247493322
-0.08921232207166685,-0.1459357599635949,-3.555252971012565e-05,-0.0007492459473786917
-0.8174199656335683,-0.1720535625874342,-0.0008799133667801641,0.0012202666218199905
1.5302433625616785,1.3124176437260273,-0.00013330978814128487,-0.0009778335638698692
-1.401108162959079,-1.665109410198651,-0.001509114057501348,0.001022846364873461
-1.994698101487479,-1.689938247421766,-0.0017301897965937276,-0.0013517568858074178
-0.10277184600679784,-0.5990983535183901,0.0008993927251392519,-0.0006485622074500651
-1.3275905228677969,-1.426324751910391,-0.00014126410468502345,-0.0006730573385734721
-0.21451305159540152,0.5751302285590087,-0.00033281749218844745,8.440694080650534e-05
2.094772434506352,1.85525157881663,-0.00044955110390872594,-0.0010258634375232326
0.007090493286146957,-0.1675952383626909,0.002126819706767495,-0.0011706074102244147
0.9106075027966803,1.0424418058020422,0.0016641704739400371,-0.00032332421632288105
0.9976245411412931,0.903417807674246,0.002043551779736594,-0.00048160861370298845
0.13809107037975035,-0.31778623515012305,-0.0006499637093165025,-0.0007981561333966894
1.0454786870429396,1.1590010142891634,-0.0009389340753647051,-0.0023523671686930575
-0.8116657572522764,-0.83967876535093,0.0016838043361508067,0.000493238518330359
0.028752713187911283,-0.3756590443219181,-0.0007715590366734087,0.000266716184687067
-1.872904052020829,-1.4153745726083142,-0.0019309407099394975,0.0005354340575728279
0.04716647201682178,-0.6848044858892672,-0.001001019147415458,-0.000430938524522424
1.4753601207516307,0.8107960462307184,0.0005025995114747858,0.0017980100289561615
1.9649843849953983,2.1670168517562205,0.0018384259484786679,-0.0008526294822211065
0.6099439445644708,1.1370642807074618,0.0010268264130523094,-0.0010529229912251859
0.9337399299617065,0.6075099253242873,9.221525259756267e-05,0.0003615906993698693
0.6670211887252263,0.5994046597384004,0.0002572855766184982,0.001145333426147348
0.11181507678974649,-0.06642162269059501,0.0009548281735172187,-0.00011020769421722185
-0.6028536224594458,-2.045296562904543,-0.00014644701157424443,-0.0015874116440428544
1.1351372732070668,0.6462735912231463,-0.0003474062658302727,0.0005537410544502873
0.9300016264893142,0.9059293561027161,-0.00021088038715968917,-0.0011148787959651368
-1.2942749985733002,-0.7728894664317447,-0.0014285964559159706,0.0012050914824474784
1.620880899947947,1.6498193365238556,0.0009343930757684905,-6.058853374752627e-05
-1.3492872556518845,-2.0364778922322007,0.0013078653871724235,0.00030843679913219015
0.4357783966910386,0.4415305769828951,0.00031452164526136155,0.0002460731649677475
-0.7601500690641027,-0.6281173329471966,0.00037255558293158733,0.00034955642267303974
0.3435273688673864,0.3819208525814931,-0.0006463858403720318,-0.00057976445508121
-1.3787150344330672,-0.7602941398729213,-0.0012761184665815656,-0.000760096563660345
1.4578941951856876,1.402124847688868,0.0007136755842700651,-7.705502663390473e-05
1.1222310358576018,1.1595042759295917,-0.002382330952533765,-0.0006676134183856578
-1.3522560463436746,-0.9896939388271458,-0.0003500459845711487,-0.00021400751031496284
0.7675917945632288,0.30092108045456445,-0.0007921719624380871,-0.0011460137006884137
-2.045469937529783,-1.6276924302755997,-0.003095005418826191,0.0010842552471815366
-1.4368305515233177,-1.5089498434857669,0.0006656909967787617,2.6974113890153374e-05
0.9783369446540608,0.7093142768296752,0.00032320358111915767,-0.001135483701646245
0.998846171590146,0.637379256029277,3.916170831383376e-05,-2.6316543754603904e-05
-0.9585646803173832,-0.7424046180192587,0.0008512113957756358,-0.000988072488643458
-1.3733990093064539,-1.2359173681678233,-4.654293007285185e-05,-0.0004938784569482872
-1.0508111997987428,-1.3060615148354264,0.0004232509205754114,-0.0015120980240437825
1.3790397687483407,1.3914630457566244,-0.001984220178127517,-0.0003089994384693578
-0.11864512374531011,0.14745400575182108,-9.689980083766616e-05,-0.0004413725863765839
-1.5530881996550385,-0.8667559690530036,0.0005139192171023655,0.0002708564905930268
0.017713045977133385,0.25809494574363273,-0.0004242370993677715,0.001291608348506481
0.6594660037788811,0.6754278396464165,-0.0009976425014758975,0.0009223088850992888
-0.18429797625636787,-0.07220565267194841,-7.38540021402075e-05,7.211673694764135e-05
0.9542123158699716,0.9924215477249656,0.00021388092653019136,-0.00039121843394289234
0.0850646053394588,-0.08746980924341992,-0.001338294719033617,-0.001985158661524002
0.44414046476085356,-0.12419853394302435,-0.000438310689901071,0.000595675945923438
-0.9214500315036742,-0.8000335513845975,0.0002577140931962655,0.0007064288153958655
-0.9518066503667838,-0.6726867988933642,0.0008259787265082351,-0.00013950461374872923
0.1227041664679448,0.6646853128556782,-0.0005416584667063932,-0.0015679384937452958
-1.126825033129262,-0.7932555537401598,0.0008086248322910012,-0.0014555154858505264
1.0818915867729963,0.7599417112612163,-0.0008862601362703047,-6.223916097557078e-05
1.550299321353947,1.3416372002263375,-0.00029684162052063477,0.0012926848062072786
-0.22823167922526785,0.2779127645522877,0.0007630980949361076,8.005727183481048e-05
1.3635176622562317,0.3679345497966903,-7.790591949199676e-05,-0.00040157745855210457
-0.029086195926243646,-0.4045064893352387,0.0011899831685084092,0.0004645542274282216
1.367148410235781,1.7450361223295525,-0.0004459570092867883,-0.0006139589539737532
-1.4718681581139121,-1.3066229123819448,-0.0012532755048284589,0.000609253036472828
2.296722629344552,2.104030865502191,-0.0011299245265936782,-0.0012091961968137162
0.19669483615858582,-0.11020249343926872,-0.00060309602341276,-0.0015823214507049645
1.4750622558240747,1.9361747349430474,-0.0007837638186208953,0.0026417758971655552
1.0405666154055382,1.147462372645383,0.002587273038979463,-0.0005229313511272771
0.07913824454764123,-0.5668681151663653,-0.0011325131124602687,-0.0008284678724084048
-1.0231403830124532,-0.8609951768552009,-0.00023566833071288448,-0.0013750551428325275
-0.2975405775955768,0.37349158728156956,-7.98066132310421e-05,0.0005204080624003695
0.49391303850088397,0.2450219275487143,-0.00020465667787140053,-0.0013619254699088934
-0.49898008344591904,-1.6161392185812673,0.00037331023876852087,0.0006502929025551113
0.49605772543517784,-0.023330492490067634,0.0010977484304667546,0.0004845131623501139
0.2234551365073718,0.8172807123743546,0.0009681933401973794,2.255999924524948e-05
1.001226299227877,0.4960851225103579,0.000572509888768425,-0.00039130988189531936
-0.042586905055319424,-0.32169008100834084,-0.001669803808222867,0.00023872107279904878
-0.5978995719750247,-0.14818499343669464,0.0006519813879003257,-0.0011176386466354184
-0.3243519776223193,-0.3131706419859231,0.0011478094051379111,-0.00012207242981745694
0.4173116491649575,0.2329103815442089,-0.00026972523315117996,-0.00021855798152157203
-0.49514443443653267,0.1647490422125223,-0.0015821752568453862,-0.0003634967512422619
0.6009433532855575,0.1792983435020832,-0.0002446285736840477,-0.0012688920989059427
0.6075684579033115,0.6115933782999787,-0.000864426031230184,0.0019495197571054992
-1.1008011039743697,-0.33758209410984213,-0.0006005177871100256,-1.6906483842362585e-05
-2.218933048807556,-1.7607537931628097,6.861465977394608e-05,-0.0019535753876518303
-2.0890471417652643,-3.160252983540755,0.0008634486573095565,-0.0007745563624869036
1.667276127664722,1.6591991076849981,-0.0010272274012560305,0.0002382531498669294
2.3207576841050965,1.5882311500527262,-0.0006338499702198087,0.0012710345000587952
0.02583431162125635,-0.02567475553693139,0.0014476839373494914,0.0010778206262171764
-1.4038379094959235,-2.048587957131042,0.0018031427288438104,-0.0005261684831792252
-0.2540007761503932,-0.43668627094540374,-0.0017422962768984284,-0.00038007951697141876
-1.5115750990804981,-1.2470637234623116,-0.0018437503531931333,0.00020974745595285624
-0.05809380595044897,-0.42603822713032174,-0.00013035292569208446,-0.0009718070568734895
-0.5751159734761083,0.06907349807329405,7.912459834928655e-05,-0.0006986812918605073
1.4214314570192552,0.9099948362429999,0.0002955811549744252,0.0004091762797879182
0.9789917280055823,1.1079838963917301,-0.001241969678889087,0.0009531831825978205
1.1488758426692354,0.9981011950125637,0.00026915354361401237,0.0010868848665001572
1.013129289751724,1.2720222283083746,0.0014182163075284156,-0.0013864648050496053
-0.15584890535809975,0.3923049489207676,0.0010437613043808287,0.0019885172933119953
-0.04214372649175804,-0.4140430065158165,-0.0007956608458186005,0.0008858484067148197
-0.9373140364573993,-0.6207272559093794,0.0010102396905392996,-0.0007584898927438427
-0.6080431392655128,-0.9588748154067154,5.175958812775803e-06,-0.0010935655741322735
0.8464977187014038,1.162763029759684,6.962434377278786e-05,0.0010528363031412186
-0.5361159062710347,-0.10049904451848005,-2.6863234896400518e-05,0.0007170136899958472
1.0432756178214087,1.1957471497563132,-0.00010854051489460285,-0.0010048563943349754
0.6948663391734327,0.17579938459394368,0.001067530702081883,-0.0014304675336319953
0.49422826399970493,0.5341007936198203,-0.00013349367943119877,0.0006004885081044143
0.49865235217566534,0.005540244655420551,0.0004253497039257609,0.00037080661623306984
2.976009268621458,2.586729567593288,0.00018902118734460968,0.001564106081069982
2.2182984460898654,1.8903140806530512,0.00018917258177266017,0.0014168786233586276
-0.014893778354692605,0.2655707500503749,8.835611790747575e-05,-0.0006802392220369132
0.03879198464836986,-0.7337940941539509,0.0003503928182683522,-1.0511636655631566e-05
0.08401659551789331,-0.18039488678079002,-0.001403080710758644,-0.00012986093408221325
0.4809720684271108,0.4646185099824289,2.2996987833791408e-05,-0.0010184602515036724
-0.5456575270543657,-0.8639028140680732,-0.0010983964730036605,-0.001415362706035481
-0.26243251974598886,0.034989148878247875,0.0021901098648238115,0.00042857662871966515
-1.715170632879081,-1.6828732961331498,-0.00026627406683710816,0.001028970572834725
-0.3982186376651097,-0.4613217379097336,4.043354458407995e-05,0.0003352236400726767
-1.567886246965439,-0.9717997285166344,0.0011951054958201945,-0.00012616567304364238
0.8017388415605016,0.970984207644837,0.0005218996722806232,-0.0009390775312725767
-2.3681383493157413,-2.282410786814747,0.00042023474405899726,0.0010722215525633954
-0.07467495202599592,-0.4430743640741469,-0.0007504133235330646,-0.0006596161161087021
-0.307344412653641,-0.26763474214528793,-0.00013518280021790886,-0.0007881669248514426
-1.2619682281579816,-1.0478789229433336,-9.475409379346606e-05,-0.0005983922435040724
-0.39878702193479204,-0.221617879956026,0.0004813863292020209,-0.0001457605687804459
1.024697738255329,0.5283295901289286,-0.00026823401084806274,-0.0017508123166686163
-0.016844381831842947,-0.34838500536480455,0.0015264450061747191,-0.000301325574320229
-0.5046995492658239,0.6536580372483238,-0.0015007071043583989,0.000219937411295493
-1.0143763270088049,-0.7490480613163848,-0.0014966331870609987,0.00033304879863465484
0.16763973897211001,0.06646568036070047,-0.0018425614400327448,-0.0005103822596939294
-0.421627426767944,-0.2181748262900959,-0.00020544734751631248,0.0006269159802278833
-0.07467303931263383,0.502917266485332,-0.0003552674422543679,0.0014593516814464774
-0.5416596118714536,-0.4255217096359614,0.0009594162066324634,-0.0004155585219717969
0.5144179607260136,-0.0957092724758872,0.0010205208204764054,0.0003046457249662336
-1.163502668335628,-1.2041417859393888,-0.0002511110284146855,0.0007011455143926961
0.09638161790742351,0.20051462062328307,0.0013024913716115597,0.0003241449571770226
0.17616263151404898,0.3961937608493813,-0.0009214023665146067,0.0008773396672839117
0.8778415381435836,1.7984684096631516,-0.00045686396265105425,-0.0018773697685098784
0.8144537638949944,0.48615325632599715,-0.0010343859474147969,0.0008226362508884593
1.9301014935442173,1.1928603023622821,0.000506796710944168,-0.00010924713149014003
-0.6357837360195481,-0.4038608712818317,0.00035504944749841833,0.0004102839259076704
-0.7386564312496636,-0.7772836032674674,0.000842397845847834,-0.0004945290125158732
1.5173556306617633,1.837248214343396,0.00025487598332515443,-0.0008217886910041943
1.1738181045214562,1.3933251071984547,0.0011561271937577094,8.033352157753281e-05
1.4575170621553202,2.3070033227643494,-0.00013526423112325827,-0.00032389013230437564
-1.6205810321322605,-1.9158314844153128,-0.0010289199709880871,-0.0004157495718124565
-0.4223083365304208,0.05410347843810709,0.0003122733702342013,-0.0014412362603203192
-0.46039685501362626,-0.3125895858344186,0.0016698595191420988,-0.000674276848521407
1.4981688438969973,0.7372243258000637,-0.0018601728888590374,-0.0006468442100265455
0.8726033096490518,1.007507913726363,-0.00012625581324733428,-0.0017195949556551373
1.3233567980854257,0.5639835704833197,0.0009316034448654697,0.0006516703362042654
-0.34329746457282795,0.12843638122651505,-0.0002572517768007535,-7.991913065409546e-05
0.8342062595377626,1.2597885679295286,7.932991942633674e-05,-0.0006041218000610711
0.9099801824328728,0.32512953180803594,0.0012800041726802752,-0.0010796531001830564
1.1189764300266636,0.7438317055710404,-0.001073815379344061,0.0010441371803421
0.37500744792391477,1.0434028078008153,-0.0011047500072131635,0.00034091453912079303
0.01703324409156623,0.27951231015768674,0.0011710635811857733,0.0002870310760359047
0.7047714783585967,0.5521771036350958,-0.0013178777849114217,-4.6597920188560435e-05
2.3333216817886404,2.0387907725862138,-0.0005511778824540546,0.00058740217268519
0.23269650925966395,-0.4982223637444829,-0.0006768202277361807,-0.0009519605078521829
0.20366441075422148,-0.2872310419841697,0.00030123812853264964,-0.001986542846807481
0.03827012550825155,0.1128407602168007,0.0010416999688514315,0.0008862584587184158
0.9893613997284219,0.6223420168979388,0.0009726828184585004,-0.00021276522878708432
0.5906320719488127,0.11751378381584043,0.0008156895858717939,0.0007752876837401071
1.7442656871570104,2.171678941278089,0.00154396425033895,-0.0009017918796884285
0.8633889824394507,1.2741268813763804,0.0005351531652752614,-0.0012184086755496293
-0.4956825286371425,0.06546077920134016,0.000587324392144547,-0.0005581144955138394
0.551249259442599,-0.0875832551885446,-0.0008226682145822083,-0.0004534234486082263
-0.7863276111567229,-0.853478554047072,-0.0005903724626210504,-0.0005847188379103573
0.18599565808625104,0.5720037142519515,0.00016357563781409522,-0.0009758126943258137
0.6850766518808269,1.2528454815315266,-0.0003756580409672949,-0.000597931224180922
1.5354886573626496,1.4064245957223303,0.0009633593058435788,0.0009868736354761304
-0.9563104793856487,-1.5142664085156636,-0.0011495829783865754,-0.0012963010433969585
-1.0630202874042576,-1.2425188440122745,0.0003862348521667409,0.0005506489058292649
0.0575915042536305,-0.05304545549018405,-0.0009221443650163566,-0.0007202585911355024
3.223452608676192,3.6233468084311,0.0015857614040237326,0.00021630288911680788
1.3616540496565717,0.04168504866795253,0.0003685408901636923,-0.00035116913941795865
-0.7450656552502,-0.24577808895668182,-0.0009528409717610183,0.00048791875635201867
1.1881060565350463,1.8217440860483678,-7.225758737484585e-05,-0.0008698158855562883
-0.4243305226852206,0.2799207911936222,0.0007455092346154555,0.00030547873863558225
0.4135476241458041,0.43705873234272963,-0.0022216352083868915,-0.0009216895744850446
-0.7739043701568374,-0.8862627178201228,0.0016031587427518294,0.00011255065751776502
1.187081799246004,0.6603637285442038,-0.0002710233348953562,0.0008421899514966808
-0.363880161152691,-1.0123079525210517,-0.0008335960969799401,0.000810140116403288
-0.09093201779234032,0.0394694119079021,0.0013024069153681026,-0.0006655650746364667
1.3721718518272294,1.068430180067119,0.001086016192186317,0.0004661315482152997
-0.32229416561775664,-0.3963869568943558,-0.00025799326380007394,-0.0005425158021932087
0.7178932125709382,1.0458870446326096,0.0001649836310709375,0.00019935994000073762
-0.759606079303343,-0.27694761443940114,-0.0011675435159980928,0.0002279575280386396
-0.7009080836235283,-0.8897304544724838,-0.002000046817199081,0.0008394188147887828
-0.5492853497810619,-0.8035614079619505,-0.0005891155085732604,0.00047083112626265144
0.47784732306711397,-0.021793010329490048,0.0003607549412546035,-0.0003382952785721452
-1.4611213846060422,-1.3544673178569746,-0.0010132511829453789,-0.0012839846992757236
-0.026306591988675493,0.27700190264831587,-0.0007061895308680269,0.00087602071283905
-0.02220739795886814,-0.34289458172031284,0.001029417486862086,0.0014899299932607357
2.307744142808262,1.8027496721233671,0.0020487604599031426,0.0001314432906550796
0.35665197271965277,-0.18587350194557123,-0.0016949809621700724,-0.0017177555809061696
-2.54200643880177,-2.3727674221062487,-0.0005575082756690353,3.271521700557909e-05
-0.2804097324598006,-0.14551816031879428,0.0005152934743634097,-0.00031364182794582136
1.6250890590411426,0.8330263531063218,0.0009183103585977749,-0.0004531196089554586
-0.44842167782181325,-0.1810679797824047,0.0007872941844672198,0.001281428181284775
0.28060191008348007,-0.15822139628201487,0.0002541710048039178,-0.000255195286252304
0.3959166054541831,0.6540167597816162,7.483999444205762e-05,0.0003838535847356867
-1.0844467683660017,-0.509614500998351,0.00045168825971997334,-0.0005817702343166181
-1.9335835283913736,-1.4742843581573664,0.0008415195477234004,0.0018422399324895093
0.045297519040533654,0.07986280664863626,0.0016405604502203752,0.0019992313284347063
-0.3015612188028175,0.5494342973298717,-0.0015637248968283699,-0.0003708157072249679
-0.7520651271420372,-0.3574404177391808,0.00021872985057826694,-0.0001940194329167474
-0.01022392680911599,-0.5145369272184708,-0.00011002511296491935,0.0008134444131421884
1.7496871511114884,1.5736109425173603,0.0008166555527548479,0.0013452561252383748
0.019033096726611298,-0.5594241374242447,-0.00015139217544997224,-0.001195817262595121
-0.8523302294975419,-0.7562857433060522,7.933249398809115e-05,0.001625224564877055
0.4134972552185187,-0.41588468381268967,-0.00023384966363905384,-0.00013468627507801534
-0.8450048504851897,-0.010852801629993747,-0.0008311860317307968,-0.0003714554421153649
-1.4434218741385239,-0.9579716086033554,0.001290754253021694,0.0002493850022264244
-0.6601730268708764,-1.6544845007679436,-0.0006310109648242927,-0.0014756659065323112
0.7613139286323172,0.28168781121842157,-0.0003275790841130087,-0.0006289829274669252
0.5114233434505442,0.2380753318269322,0.001280669159163928,-4.8726097495589165e-05
-1.8824223377413127,-1.7995187719005443,0.0001825491893189453,0.0007204081367193092
-0.428957012913045,-0.44300412355792756,0.0018209115549459246,-0.00036137363233958945
0.754483787618639,0.8765616069613975,0.000512738100936314,-0.0012729994182179847
0.47230798591902295,0.5554272420131701,3.111258085620151e-05,-0.00016737596800984024
1.7420829866452254,0.7105330588387531,-0.002437056773794675,0.00010745487452888578
-0.11038810301301274,-0.18556041898351522,-0.0003231747905264934,0.0009678086758007784
2.252103133411299,2.342589808577715,-0.00047655454577025475,-0.00013432247005779375
0.518017023989924,0.2759029372653798,-0.0007267776724742748,0.0010951683218510633
1.4018228285296823,1.8790358013593829,-0.0005842610249576276,0.0003744873896127155
-1.4399822286750044,-1.322071453105571,-0.00020793160924425803,-0.0008918205778339171
-0.42277010507009183,0.3502132420811659,-0.0003732179302410132,0.0005688461809551885
0.1462301206888001,-0.5730523762554272,0.0028156439037495314,-0.0004596577811741209
0.5692669060639751,0.3649251465857497,0.00024789948240621984,-2.0679450275281734e-05
-1.1583696381276232,-0.45068198574222207,-0.0009126584508614351,0.0008043069897399733
-1.1359166911063046,-0.8481555853976311,0.000260974987828702,0.0026944917382322148
-0.07430263681788336,0.11778116577048259,-0.00010756425894644427,-0.001478658541252995
0.11949762189272845,-0.27932243539096974,0.0010253864005987706,-0.0008936787503139921
0.8637389184517599,1.4815147851940484,-0.00033196355392843655,0.0001465493379040133
-1.5020818011197155,-1.0018973607214583,0.0016037494817616408,0.0007800084388784873
0.6135912039461388,1.2002920073326055,0.0005900419927333222,-0.0003281797626603179
1.4845787612248302,0.6474168071562563,-0.0001465941457392361,0.00015693250134478845
0.3967827189079405,0.6408927768921032,0.0007234670267809973,-0.0005620610409299021
-2.131439089765167,-2.1274761478097797,0.0012234622595516569,-0.0006357212459995722
-0.146150341613657,0.36849738896337775,-0.00027799232925530034,-0.0004480609874070188
0.6724293032703041,-0.016727890618513264,-0.00045922308711053773,-0.002234419175090826
0.07468961261240376,0.9181951567266224,-0.0006795716578942613,0.0017620503664997804
-0.23757593741964989,-0.8739170898354246,0.000499052165265242,-0.0008950247994726717
0.1795709238147392,0.36343935282203027,0.0008312528878769436,-0.0010350121968505438
-0.016350426073612118,-0.5038566840112353,-0.0007041719805872363,-0.0005872965232756631
2.684867212111966,2.951027180707645,-0.003692714047785169,-0.0023445280961128107
0.2654289797922703,-0.08709447875895611,-0.0015505533183128289,0.0017648905777606924
0.40102358120707926,-0.2092675609872422,-0.00027020646671944255,0.0006187357646684304
1.2728140323986186,0.552433701086027,-0.00024357707646770272,0.000743273850408668
2.857661026326575,2.5798188598980345,0.0013086431248237127,0.0016514747337686864
0.5934395044229758,0.1124880830413661,-0.000365237028116136,0.0003970071911872845
0.7188098758055272,0.4114015728404059,-0.0019037156203269823,0.00010922556432378746
-0.3151320124329212,0.7003420560951201,0.00052836983393478,0.00019560155616264935
0.6901250088222481,0.7799713387877489,-0.0008618870195064246,-0.0007643644626511736
1.0326878803095256,0.7369985687197145,0.0009145623425089725,0.001054468954019873
-1.8935348559825471,-1.4611160782580983,-0.0018038089024501264,0.00041176282302047933
-1.198653784224812,-1.507391396661414,0.0002979934659312609,0.00031128079714742385
-0.10781901637680047,-0.034424182051578996,-0.00017115290219572724,-0.0007421558474363075
0.011246999461986595,0.20613439537081274,-0.00037280705290003197,0.0004070947339343748
1.2340480261948976,1.038736235516237,0.0015174730140407723,-0.0006767042722429146
0.8666602776705518,1.1118479630565676,0.001571617504154441,0.0015707007226863122
-0.43463741875819556,-0.06224516771541466,-0.00030003716510119407,-0.0004288244212324119
0.09600266888069964,-0.02215022732507132,0.0007591703425319414,-0.00017597101683007347
1.7322683165509916,1.5473945677035053,0.00012964816208725698,0.00036188521127215797
2.5800642792513395,3.056964363733376,-0.0005020629804828509,-0.000820863592419569
1.0280199746470622,0.69389656717135,-0.0002617598708153335,0.0007030360178229464
-0.10980301045330604,0.23572933332474544,-0.0009820169508158298,-0.00035453484993991873
1.816514198059693,1.2767092761271646,-0.0002950767978703969,-0.00028717004399994844
-0.4844248002834739,0.14184385615530387,-0.0018300751908092935,-0.0003757065444560924
-0.2423079665735185,-0.7797378021404748,0.00018467457451560183,-9.273331035593345e-05
-0.20431663703947012,-0.48040338079121725,-0.0005434610952406886,0.0005342414810865866
-0.3812891059222836,-0.44028374020120625,0.0003143904074701911,-2.2588766837527974e-05
-1.529420547413046,-1.715889341210678,0.0013968366560056565,-0.001064811367292491
0.6766410991721672,0.8727457639411538,0.0003617528543996553,0.0012139867506775126
0.48044695096626894,0.2871466119063053,0.0010306255717509082,0.00011194973404290884
-1.536981794734895,-1.98817139248706,0.00038889409017358413,-0.00033095070614157283
0.06465593891777742,-0.30948238177964654,0.0005253325351009514,-0.001107985915487967
1.8535633884142368,2.110609875902347,0.001402186278976248,0.00018591811508430938
1.2355103541301728,0.9441066465836918,0.0006773410195510577,0.0018009661320984869
0.2847068615855893,0.4638814515020422,-0.00025691905232564917,-0.00017348661071716798
-0.5615001723837069,-0.5847578780889766,0.0002797498025076643,-0.0013611526670564652
-0.9273302902118782,-0.7649784523144801,-0.0014241013694365793,-0.0012128293693477801
-0.15215307210948908,-0.8117773585579333,0.0006715973442194367,0.0009886922127354707
-0.34732283002693487,-0.3863781675384774,-0.000668405472617639,0.0006715109378201262
-0.9493311277699363,-1.8804982726322765,0.000577756119942201,-0.00038235612104971727
-0.5976261990380202,0.2888917868446692,-0.0008342654367874654,0.0018431825422131612
-0.2566299727605131,-1.0287085136401397,0.0010430891456864534,-0.00031073851660763966
0.5000041992114536,0.8387179704143654,-0.001961655763749161,-0.0007902005607865905
0.16530445717152037,-0.5951315194426097,-0.001174093521161321,3.138478997110447e-05
1.2053987506670072,1.1603041167551198,0.0008157007170085696,0.0002270443181013197
-0.7199223282144958,-0.443409317859437,-0.0011616639099485293,-0.0008796236892393917
-0.19293214499210534,-0.3623767788950938,0.0006241627358375045,-7.683899430691759e-05
-1.6831166363097394,-1.2942114142948626,-0.001735066258109089,0.0019104428676373878
1.571141417855798,1.7422593585863637,0.0005182476927128005,0.0016743684148596725
0.5158152835297374,0.9960574048914564,7.820348869252774e-05,0.0001717936168771688
-0.12736235924534312,0.07092321980453556,0.0010942239985367254,-0.001289473155323341
-0.20791727536335086,-0.6861861371402577,0.0009600809805374043,-0.0009420224446099777
1.7316240319260061,1.5094762416799055,-0.0009513088691232836,-0.00124984759900277
-0.31637258550659597,0.3199280582341163,-0.0011333679453752726,0.0018640106455607615
1.4226881332419894,0.5476973098980558,-0.001168292927626913,0.0003434865667896836
-1.2061162876563085,-0.8162128463819531,-0.0005280313499861919,0.0021750973968905148
-0.26911893289598715,0.28136847775612844,-0.0005973567604034367,0.0026293437192608164
0.3287757474572964,0.5110877623970194,-0.0011543354987442345,0.0004114475808079945
1.0480826400082102,1.2950217694678219,0.0014395514648884674,-0.0006724253647499964
-0.4803158907721519,-0.11431731891510272,-0.0005811110228472688,-0.002535682849583745
0.6932304386210683,0.7712902739914632,0.0004778826297990189,0.0003073716739080142
0.45040845303579025,-0.3948619285965116,-8.898202509720877e-05,0.002798731081597797
-1.1960107439973235,-1.3158453402999706,-0.0005147659568861902,0.00010912557835859583
0.02392005690844464,-0.0916302045477351,0.00042731484474183115,0.0018364963565642607
-1.7646189941841706,-1.211204185522715,0.0006163065916535925,0.0009782355563002722
1.3560726700935637,0.7144485420907913,-0.0009142622794984253,0.0008465644704305433
0.5917693234202148,1.174943869303744,-0.000124408763778656,0.0014384643714456784
0.2409504306281154,0.39391466278432574,-0.001585892177784674,0.00032583890157529153
0.6940429865621212,0.671269120809789,-0.0004984505600660793,0.001072197344592907
-1.6407202306361672,-1.2041950737805234,-0.0004942066065591703,-0.001023824000801075
-0.7036029892589123,-0.7962405215465985,-8.05433598586569e-05,-0.0005240406334658794
1.4850725118509005,0.728183395697624,0.0009572559957204802,-0.0010020911615297762
0.10885141637650525,0.03725787691343995,0.00037591684807811713,0.001494443526768134
0.8535950139546349,-0.00779392242418997,-0.00011031475821170454,-0.00012614068855027716
-0.09172762504990213,-0.17038886546710458,0.0016183999535031744,0.001000846683917173
-0.2694052785125004,0.092646106853451,-0.000725643601777342,0.0014891879230072341
2.1251079912641773,2.0383155857631734,-0.0012369096162895576,-2.635902690740534e-05
-0.5460192792726367,-0.7350753778818615,-0.002210786384692239,-0.0008887788228826898
0.40016165238458734,0.9040216214766025,-0.00039829303101135036,0.0011889794278790251
-1.3752284299327298,-1.6484182556625508,-0.0010038794784111816,0.0015076218676032596
-0.2564413848250279,-0.15882926149587878,0.0005563277269998621,0.00053353621318927
-0.4428066322085175,-1.1797769692975306,-0.00028391807051514,0.00038536701213426734
-0.8821792752937511,-0.9393147906259481,-0.0012569619801249918,-0.0005490754086829966
1.3526215149155074,1.4962264078306298,0.002030053343348738,0.0002748160789192657
0.0849197069537436,0.14304410079962981,0.0002869546516217634,0.00034451413124300884
1.8917526646015268,2.1927572802235953,-0.0008045324206696549,0.0004547016541953244
0.6840834761747203,0.45416572926322474,0.00011489264301598117,-0.0015018601617602465
