500,0.7,0,1.2132465683640148
0.0577362431634072,0.6015410702846594,-6.741894818262909e-06,-0.0004805596249341268
0.5153296150658644,1.8552753555390469,-0.002050745489309496,0.0018539586557628285
-0.4088547686754825,-1.0586925061889951,0.0008882072351027639,0.0012858485167964269
-0.03582361809780721,0.5076139933672451,-0.0013233843459270834,-0.0001962373760574908
0.20826438772892783,-0.3111540994707845,0.0020121610844051514,-0.0023722996631526886
-0.19237036659672913,-0.2566801734487577,-0.001901572250949068,-0.0004910136043639135
1.3383582870161281,0.31570007341012907,-0.0008261232901466479,-0.0004250451171982733
-1.4230579298389237,-1.3832982819877808,-1.3961674496276801e-05,0.0006040860148435047
0.46795970524109576,0.5162432179370016,1.4906551747852387e-05,-0.001403697997197784
-1.824483106361678,-2.077291313716423,0.0021082958563288594,-0.0006613067189788271
0.24698501480825402,0.3607114130504856,-0.0010732325726890584,-0.0004933036525141493
2.697234528237336,2.7297395944621496,0.0002900503390359471,0.0011232036121657965
-0.6515893815162881,-0.9567119102349962,0.00153719832861921,0.0002970490641502472
-0.9647975953357119,-1.1354554834308368,0.000791308661441937,0.0005349407765983972
-1.8449077832780372,-1.210035052098291,0.0010966167407930444,0.001544751911804368
0.13528868572763092,0.5036581623258467,-0.0014886421408170903,-0.0019316618026920074
0.60111840274821,-0.6308703989001053,-0.0004067588424387276,0.0002853186679409662
-0.9968429261079449,-1.0192804039100678,0.002046572245494265,0.0010765925396974201
1.777027259238706,0.3695876983216664,0.0018562158725773299,0.00042613502895101277
-1.009755224066307,-0.2467073505831784,-0.0003985640623456462,-0.00023648542564275448
-0.51126572140904,-0.739265997079472,-0.0018921936277018312,-0.0005875398388823676
0.5706037301116494,0.14223766094861842,0.0002767894157581934,-0.0013420748899213423
0.8811610713779321,-0.45578642943682357,0.00046852918707687425,0.0012825730353669192
1.4387727947467743,1.0721426873421926,-0.00045937491717118164,-0.0006398210444812889
0.05031719972133489,0.1437574126316657,0.0007396888488975334,0.001177895000218913
0.8975903118364854,-0.3793944173857273,0.002664418866184879,-0.002757591438627995
-0.052859942896054585,-0.4569832782181941,0.0004750583269224806,0.0012198508553256464
1.05198032465352,0.36997984451031074,0.0006556127384515617,-0.0012718374200727937
-0.7446854530137889,-1.2906641149469107,0.0004128402094684137,-0.0013973700395038826
2.5545509360081082,0.8820916538425038,0.0009009864195463047,0.0001369039076264287
-1.4165519912084592,0.03532668214126089,0.001358337641310364,-0.00034863357468944436
1.1295466257880475,1.3574849931326336,-0.0001918813726150034,0.001003152906695726
0.44144586206430325,1.0545819169913149,0.0004715327701168786,-0.00040594780906990925
0.5219807153011133,0.6928816463784228,-0.0017646741000743272,0.00015952584118051594
0.2821343884286711,-1.2968480051847937,-0.0013068423852346624,-0.0008867636438829513
-2.1971528733343146,-1.1732228394424302,0.00018086668853379854,-0.0013868062120305225
-1.0153718566629641,-1.6705281080215872,0.0019487643157087848,0.00010026682912700988
1.3005289270940588,1.1922105603758404,0.0002177787636905789,0.0009929400810636646
-0.9452335175005571,-0.42959791140697157,-0.00010250001976805694,0.0011290920290779
-1.599434819009401,-1.806696753651523,-0.0014814230708233426,0.00037919442806938003
0.7701720181448629,0.17458859003958754,0.0009656757078369211,0.0010486620943874964
0.20216320992278342,0.009181072113578923,0.0006377811202122758,0.0009949224605166796
-0.3188005801215924,0.555154644416727,-0.001967722448684754,0.0010869390241081728
-1.2583267647812049,-0.20453555999440753,0.0008643353324891237,-0.0011997675535079773
0.8843773849805454,-0.44608138214253323,4.025620686625782e-05,-7.648389534264447e-05
-0.5825195448335648,-0.6213323016181405,0.0002300074146140547,-0.00010451134816107713
0.383466074020413,-0.43947443550635423,0.000569034607414854,0.001760557188072433
-0.21770645495166926,-0.6185105530350866,0.0008384679170622381,0.0017327147687485945
-1.5021216027902013,-1.7963146676237964,0.00058095691034421,0.0011866432097650268
0.588181165059479,0.7895252558435921,0.00016790955244361006,-0.0008914216378160297
0.10376422593210531,-0.14914315754677612,-5.778991262853732e-05,0.0006858341694840591
0.37762040124575047,-0.5960084683300573,-0.0014403714611289863,0.002468896843953298
-2.581304809767489,-1.798666371125727,-0.00037489599848186824,-0.0005591128890520692
0.15343473895913634,0.7465077901902413,-8.954399314460915e-05,-0.00013257505145241244
0.5337992904779346,-0.6026390664492194,-0.0017308430113516578,0.0013884725888194185
-0.741106662981777,1.9691068231622255,-8.579243209508726e-05,0.0011179288830458353
0.05777459979799546,-0.05164632434129693,0.0002949112597042367,0.00038101296928181385
0.3427778379467901,1.1566083095541912,0.0001499662958193246,-0.0007508197075254829
0.44870450847247545,0.32542582119041547,-8.624747599742212e-05,0.0011298747189505515
1.1325565297812674,-0.33375666334228804,-0.0002784715887105435,0.00013363350589577395
-1.0871600998878899,-0.4686882843094017,-0.0013069530001911332,-0.0010953240057719942
-0.04517093278376405,-1.295693846373874,0.0002363796481661793,0.0003105814513883847
0.38186153761527,0.6986699970821726,-0.0026623040628452432,-0.0004921128432567995
0.6686519267306941,0.27331707571689096,-0.0010632060439622023,-0.0003326133972432854
0.3966151481428617,1.0581798444224109,0.0003973010952718818,-0.0009553777714840451
-0.6164315915008418,0.08835384410073244,-1.663777823878742e-05,-0.00032838261715510117
-0.6752224296279943,-0.5029585729931155,-0.00047100770905628207,0.00013758621975027164
-1.8844214758755375,-0.741510621015929,0.0013796104615892758,0.0007379259389954833
0.8714705540668637,-0.2540972401701595,0.0027176746689191868,0.00011789820818162186
0.6575318895864538,0.26126000619867107,9.070134554414604e-05,0.00027321045311327853
-0.07806939030984039,1.242268514501061,-0.0010743245306499567,0.0003721374924818901
1.2604225517494902,0.5779980057249682,-0.0005455470233505538,0.0010344510235308871
-0.31289461768872545,0.468616530309436,0.00034591853100386974,0.0011077784373809772
0.9392921984185452,0.9887524216710258,0.00017304281616145964,0.001079069854569179
-0.8129685600782683,-0.950141685279137,-0.0007249258416636709,0.00027159412485703807
0.05375274726393847,0.695575299010261,0.0006806208045878503,-0.00043721978960140024
0.39139448121657455,1.1793357574947505,0.00027729625251869916,0.00045022941633646976
0.7754908019197123,-0.543235567593466,-8.497550874453938e-05,0.001992699049369994
0.7313796794315303,0.21126381053388776,-0.0019174795156906529,0.000549284248572922
-1.1124208176363912,-1.6052246135680606,0.0001572922456520311,-0.00011082010973424164
0.653331200033722,1.8352550218770731,0.0017611934968322183,-0.0009319632919103482
1.0039216358666483,1.2203072235092725,-0.0004348705925737082,-0.0005838283531483493
-1.3307451735412725,-0.9278712679229675,-0.0017559816457194222,8.937519333260676e-05
0.6194681644700559,0.31070326408292537,0.0003390428826572894,-0.001425798543642088
-1.2209871711243718,-0.6818181055895107,-0.0003959037364948551,0.0016672314971458541
0.06941835657874262,0.944279976902002,0.001816308005964367,0.0006043368275591372
0.02038329197223914,-0.03029107834576563,3.800149132503853e-05,0.001333472255248433
-0.3871536692241812,-0.1723823474520909,-0.0005374126876893858,-0.00024776766495248985
-0.0994659213107735,0.4817608631390491,-0.0008198462564150723,-0.0006500952027580239
-1.3184584832810458,-2.2861322040212833,0.0009608624504190979,-0.00264969877139789
-0.4854901348637828,-1.7116556682008746,0.0010055861901866333,0.002418625713861148
-0.0403937800249943,-0.1201074845577488,-0.0005717872384685712,2.722015786670644e-05
0.7141782969860935,0.16468333344118663,0.001334933085718496,0.0006562830484481429
1.423122024473604,0.26965513048991263,-0.0021195072357535014,-0.00036377414782463836
-1.0810783984961971,-1.3733439136542696,9.356563493003709e-06,-0.0014866370278436292
0.290043945450856,0.03618216248733577,6.830124581860314e-05,0.0008097331931829444
1.0580103164782528,2.042050135219924,-0.00048234062592855117,0.0009915504232875323
-0.21645981246832285,0.5403204197075343,-0.0013590812603143105,-0.0009149793997401144
0.8433138432342159,0.839769588051333,-0.0009124745797708929,-0.0009573819142760441
-0.2580212583873964,-1.3067922000450638,-0.0013052124663098434,-0.0022945951920597626
0.8213632945318129,-1.332805215213875,0.0011304438383340863,-0.0011927513105016504
0.07700572639848569,-1.257799967607891,0.0007556605176233208,-0.000403641238237695
0.3352078985861102,-0.36074592759659163,0.0007085197536060441,0.000893652424479786
-0.19492544130149406,0.6120647754436397,-0.0004417951346567421,-0.0008350297263593182
0.8374402438751241,0.8399935210088544,-0.0009731189807483154,0.0005592709631091291
2.913139608172047,1.038170769062765,0.0006691093194688079,0.0006592217330788228
0.36594726011682144,-0.020102942272248236,-0.0011314366642644852,-0.00011611893571995851
1.4100986846428938,0.2689961745424402,-0.0010179537719770023,0.0013265274183144713
0.13230044288831522,1.6467922653415559,0.0003157804999937445,-0.001059933968941651
0.4020051463989107,0.46887337302314597,-8.937885320098291e-05,0.0012016282327000601
1.0653630097919022,0.821654640327937,-0.001065791351211983,-0.0004326201338551509
2.0228391750695938,1.6932654155777913,-0.0009950540248433032,-0.001381626509984701
0.4457155257761324,0.020612915335249532,-0.0010375826101778078,-0.0005604279565377849
-0.6506653238605893,-0.9502789077002239,-0.0014416965552924718,-3.256938023756899e-05
-1.4081575213454998,-0.06953706760796952,1.5904918038038505e-05,-0.0011422761534850112
-0.3776826424734909,0.803283151814983,-0.00013701128433637487,0.0002275157670079878
-1.2462412803534917,-0.969098279963001,-0.001661822531888805,0.00019382089071390567
1.4024553700606857,0.554253347057273,0.00038191789253893833,0.00043163704824614706
0.3204649009621099,1.2634348549087373,0.0008665736255769735,-0.0022022039005079124
0.22160516996890736,-0.24260284162644064,0.0004828337155844252,-0.00017028720334438414
0.9806629964993963,0.6933164847808514,0.0009403356532231324,0.0007428325673088838
-0.2765295550702033,0.0830533954701135,-0.0010931837055301995,-0.0002996809379296681
-0.7775010091705148,-0.07765299474907206,0.0018477768329907235,-0.0025007389485812025
0.358340277918434,0.3001730389272349,0.000996421950404993,-0.0018594436098648094
-1.0124516800294594,-0.7711229006391327,-0.00022151204355747676,0.0014443707521436652
-0.22956947226590269,-0.029063879469058404,-0.00022731821899933945,-0.0009586585190203052
1.47225244775779,0.03625833632474085,-9.146938864164747e-05,-0.0009704574655573015
-0.4259602864331297,-0.28849926012359806,0.0013833844280690297,0.00011236577291996307
0.12360249514801377,0.2138048536498871,-0.0005496546975396767,0.0002837819983402145
-0.35637552845477855,0.28337599232332095,0.001559108729585892,-0.0002849298105289821
-0.6911767122029792,-0.8791557144361164,0.00023761935654328681,0.0013530147878180344
-0.9925966629848254,-0.8397393249566443,0.0003644810132560664,-0.0005654878812120567
-0.6644063771881316,0.08339300039332914,0.0006441582849688926,4.572590292428348e-05
-1.1552028458468258,-1.6435417895305426,0.0006143824451395474,-9.574516669427229e-05
-0.7290792109591494,-1.5128399160552017,-0.0012036483226050125,-0.0011241516232930232
1.3615429381436472,0.46065482426638366,0.00040593724408139056,0.0017202485018993877
-1.2229338707712059,-1.2367555499975342,-0.0010987970024912987,0.0010063265399832028
0.7259833865469418,1.9019600124336962,0.0009855586775581137,0.00034962027137753793
0.3613674226837038,-0.08391341386566692,0.0014300559692193029,0.0007500761754366881
-0.9501419481557544,-0.4201820992708903,-5.6523233543250616e-05,-0.0009806957309661777
1.6636520862525739,1.4809822640028136,-6.474951592528494e-05,-0.0017235723911047786
0.597470004539141,-0.2866680913202986,0.00011405477859650274,0.00022378556519593313
0.43895654726305605,-0.3350569469703745,-0.0007582041549430958,0.00035638076542074436
-0.947460598087998,-0.277229274713431,-0.000460378824346921,-9.273163312807418e-05
-0.5681676497968762,-0.9160976993696115,-0.001352567516379503,0.0015502338255461885
-1.0379064103127273,-1.295834916970657,-0.0009947690527443902,0.0012838423442025836
2.193815510584525,2.0604386951861957,-0.0023447461213937583,-9.058518355355923e-05
0.018255926633954755,-0.6915606013400568,0.0007157858018946976,-0.0006303899366666466
1.9532792269538033,2.0469191642151494,-0.0018080776211368442,-4.9117902556319156e-05
-0.5464716012733409,-1.1476183632138186,-0.0025199129927761317,0.0006699394685275139
-0.1394188678799694,-0.05644330044988181,0.0016776023174609133,6.499422792619825e-05
-0.13867223603848944,1.1859539568412556,0.00069203013015934,-0.000268348687907774
-1.6605124509862201,-0.08638904069753017,0.0005943370519215024,0.0002290143100501082
-0.35431054369017684,-0.11660759030194744,-0.0015102756877321236,0.00021945389650349908
-1.1871646140339491,-1.6892929788282298,8.020080968174603e-05,0.0006543883743962432
0.3267381685201033,0.22747982962571284,-0.0005384938032816693,0.0011244342046995556
0.8444421251356992,0.36263479128037573,0.00021982229230440428,-0.0009600854508440168
0.2508669158788073,-0.9604327786694071,8.194941812305614e-05,-0.0009634467342278112
0.4898064267274833,-0.11590138039656503,0.00119993224389246,-0.0002457867700684858
2.4367886503337113,0.5192018260712545,0.000832333877628205,0.0007564239706310016
0.6090550354258736,0.4685530349882885,0.00033966531638936795,0.00011434222361577707
-0.5359214965206915,-0.21986996859088864,-0.0013876771052204018,0.0014958985910777892
-0.13624024093985743,0.38060904391922995,2.4047261905953578e-05,-0.0006955213308339854
-0.5591162175823454,0.10559782908977558,-0.00026589493251739547,-0.0004784889886858129
-0.15462079964866698,0.7411726707660177,0.0012798521911526622,0.0001670006919661914
-0.46344547368540806,-0.23907351059923196,0.0012766129426225257,-0.0004005663511204193
-0.32854878941768667,-0.6200707228702093,-0.0003212797348269758,0.0010216652093179525
1.1333157253606645,0.555369348155269,0.001278223061817416,0.00046578827270646816
1.1243410077136566,0.4759691305070929,0.0013150377438613447,-0.0007229863917741653
-0.044189998994842994,-1.1090550394682617,0.0004148801586655369,-0.0007898048468594471
-0.040010520188007104,0.8783083924369336,0.000403796144330666,-0.001297411544118845
0.8448236602390539,0.5536648487879384,-0.0012461793343493417,-0.0020510664093603896
1.070450329320451,0.6929592921603422,-0.00252940104472067,-1.525120608275201e-05
0.5259809891569901,-0.22940958493844685,0.0027422145897052926,-1.8437641960396195e-05
-0.35866815360361826,0.008886397640220256,-0.0021775063277582342,0.000497666862270018
-0.5053735336102079,-0.9372096539880956,-0.0007563264148880401,-0.0006698977833485375
-0.1452312599901579,-0.6247903536229127,-0.001133474594216895,0.0003352523492171605
1.616688230195666,0.7773079484443417,-0.0010187622165641452,0.0016445520046650885
-0.01272481262538222,-0.5024785829521494,0.0020309890420078663,0.0014257684457017238
0.03184095988058078,0.49886676048237577,0.0014432502533310962,-0.0019003032995533332
0.07296217285222856,-0.5732068248107633,0.0012881909545663331,-0.0002064147702121844
0.20142794745809595,-0.4091259312277269,-0.001139869604668178,-0.0011641775308819098
1.2596749484525613,1.520563587861342,0.0014736147021005134,0.0014146460001441918
-0.7264227711848364,-0.8591573731846365,0.0016532258341551114,-0.0004414418016213368
-1.006591240643051,-0.8798461847197492,-0.0019193872039701978,0.0006365238127771924
-0.47940305064587313,-0.38369220558561,-0.0007197767541582027,0.0006104185997160931
-0.16421700426808078,-0.38868832917780466,0.0004922041667240787,0.0010610656158887538
0.10207193333284162,-0.02496460261598204,-0.0007177303501421182,-0.0006710154817540389
-0.11870159882620082,0.08804434300826111,-0.001737353356227774,-1.7987755616900395e-05
-0.010409156935950209,-0.4742665043312627,-0.0010431340790644046,-0.0020206175668132354
-0.8042622318620543,-0.5329070909501563,-0.00139035898433825,0.00044090822272632626
0.8360603468147036,1.4245734792747031,0.00019106964137667593,-0.0008590066603767044
-1.5634794722855774,-0.6284036237173776,0.0023004346813107297,-0.0009743476584180874
-0.6419125631933312,0.3561245219031687,0.0011364396773822093,0.0008195404208693787
0.6126012586113319,0.04688074522954311,-0.0019135348200172853,-0.0005366321117401757
0.5173736404520812,1.2919002985997203,0.0002029347617918631,0.001361481829262575
-0.23008033251098003,-0.10593084652794205,-0.0003376543731794271,0.0007364151636568702
-0.05290562364069423,-0.590077073527174,0.00024630561547444354,0.0007201253167546907
0.7663388614284145,0.9502778434892604,-0.001183065057515571,-4.635135469969107e-05
1.42502334840104,1.7154169502173373,0.00231628297742471,-0.0010705674397261482
0.37144740878585897,0.2846337240593658,-8.371071442226294e-05,0.00040338584886296703
-0.9906773328988591,-1.0730933008229837,0.0007239362814397814,-0.00010883231912537302
0.1142396135244873,0.4341265393869591,0.0008866547282913312,-0.00045787514193820625
0.7449695247483743,1.2160084372357847,0.00013306837975296453,0.0019924441765056286
-0.7213591556498364,-1.19761145092856,0.0007744073273743962,-0.00140949950618098
0.07697547539689632,0.04750910788074242,-0.00042387386021277564,0.0011106546104096998
-0.1435743810533932,-0.19705614939825145,0.0012194974664239402,-0.0012344744220904164
-0.03570036528931925,-0.8219712391352423,5.884266498948377e-05,0.0012466506596479226
-1.1802716002815323,-0.4041881755226706,-5.1725608140394505e-05,0.0010282966983628777
-0.857358952322524,-1.0901728185353692,-0.0009948438266517503,-0.0006236360600206006
1.2420205170205545,1.4097461621257414,-0.001437774814519103,-0.0007725502482804108
-0.33880243003453575,0.6102085641598874,0.002384981918415566,-0.0004957641421668394
0.05895937048764261,0.04789289286564814,-0.000478093380934368,-0.00027741922739614195
-0.45727442612851954,-0.17578616729625143,0.00023019570823170127,0.0013090489604561661
0.1467676978792585,0.4430856294256328,-0.0013188178843595564,0.00016216384337263342
0.5179752139995648,1.2212985054835908,0.0009422797027426032,-0.000302679352684081
-0.20255478604408594,0.9184978274097173,0.0006178111194078716,-0.0007751395188914889
-1.1957528637974426,0.24855095021799922,1.6805104996575547e-05,-0.000756890437594169
1.044950288626816,-0.13783218274520348,0.00041082940771518717,0.0010571281722822003
-0.26400832898432464,-0.2725380324561494,-0.0005125715365092878,-0.003549794790466194
1.7296789044980883,0.008555285968879778,0.0007775058505222917,-0.0002704169760855865
-1.375043317459322,-1.1196408886881577,-6.722973942223991e-05,-0.0012080064128710385
-1.8870964866818059,-1.4330886473698754,-0.0011216658904323635,-0.0009375783044413088
-0.37546155119624114,-1.1470505866361578,-0.000233673439081581,-0.0004591778169899113
0.28156160778369377,0.10658239893974225,7.91884684994823e-05,0.0012552447176306788
-0.1325324117082374,-0.5562444055155038,3.795781733180746e-05,-0.0007499408763201042
-0.6721604333843834,-2.146362968420328,-0.00038913801932891827,0.0014198051291351758
-0.9114842397470171,0.010997938623769798,-0.0010632646685572727,0.0007447099895240814
-0.5686623483413747,-1.6447932425715774,0.0009273761552727257,-0.0003946390226401857
1.5383917758080778,2.053098495270539,-4.37509514694662e-05,0.0017623348023443433
-1.3298966312806222,-0.060387327556166714,0.0004535439862983027,-0.001092689308197867
0.003486014774448265,-0.5572142775406921,0.0016195830366429183,0.0027756347313542496
0.526149849039621,-0.3691286867573872,-0.0013594856352874532,-0.0015201363674276077
0.1931657615951696,-0.4392153974903592,8.39097706615156e-05,-0.0002547106181861573
-1.0906320410329988,-1.266618727125954,-0.0015256990966899546,-0.00013855773485968816
1.0781457885825516,0.4601596906741921,-0.0007097233224634496,-0.0009083433118636577
0.8181227587638072,0.6000289259052602,0.0015614048972914353,-0.000497476645407084
0.3817866452812485,0.783948259091983,-0.0003045259683353862,-0.0018243138786362173
0.7665458761629974,0.4017169697279341,-0.0006126585419152003,5.5720978380884076e-05
-0.962497621675859,0.2612884709984702,0.0004032831491816527,-0.000380378311201392
-0.27675369452351306,-0.6750100030641767,0.0006243998222744339,0.0013127276235063144
-0.6683379930866722,-0.47046119074833653,-0.00012964253907195717,-0.0005634126536109809
0.7531548510648342,0.7635980329098171,-0.00026367534537819474,0.0010655415025411536
0.6632783866935392,0.18747603909358285,0.00021406087116165827,-0.0011283637428944103
1.0212299552172739,0.8161462082503719,-0.0002723677152590566,0.0008996359032441209
-0.2237018310940539,-0.9608318533488234,-0.0004228700400478895,-0.00044479926500627274
-0.5851542403983618,-0.9247517762823536,-0.0007508923185078486,0.001314577191554052
-0.533008820374595,0.34969159434517194,0.0008044135706849897,0.0003514972897628968
-0.8485651445373494,-1.1070874586112707,-0.0011230749537860444,-0.0004640668180914462
-1.8999407977106615,-0.9214329219209795,0.0007143690930424895,0.0008612572312744421
1.504087358761679,0.8159669708803734,-0.0001326564265483795,0.002163496873285658
0.43093243454316343,0.47941710635661333,0.000627901965421567,-0.000717678086832252
-0.3093396463515392,-0.6671807022822231,0.0005272684656495574,0.0003556740822355806
-0.3892720914159079,-0.015574283366812797,0.0027846261467346194,-0.0010931671129372487
-0.041646569908056014,0.4095782646479884,0.00010230191282311445,-0.0006761646266360949
-1.262666867956438,0.06656229197923769,0.00011423115837612024,-0.00042440616133218367
0.7865629914406655,1.3480204922994923,-0.00041731913216154156,0.0006124496602850913
0.48607182713372865,0.2016987210165133,0.000982904346481727,0.0010509659515386936
0.8846227735702704,0.5707458208570864,-0.0013236597904472986,-0.0006565368108003467
-0.756856705575877,-1.5245654954347194,-0.0006095167957648965,-0.0011370373399287104
1.8683651230764537,0.5326795879721283,-0.0005081408141021614,0.0024006368213304223
1.3667783401414682,1.7408346517878848,0.0009014272791633938,-0.0001638920263438764
-0.9298269679938727,-2.180963638253763,0.0007059101134778865,0.00037491848797830416
0.9591050389508026,2.3980583644576887,0.0024609035789342855,-0.0012000647141543492
1.0821458480093973,0.06361640051003403,0.0002404707669773383,0.0005039752990395569
-0.34050866459713464,0.5659809095529269,0.0008561614884581174,0.0012058845657361835
-0.02248104740944018,-0.3726505310284657,-0.0007534167244981375,0.00031957965218746344
1.1776479534572388,1.3181773898372666,-0.0011495831018444535,-0.0023352457170456283
1.0955919918155952,1.3530255826937745,-0.00019663820075198539,-1.0125037798687032e-05
-0.5602532717483539,-0.6207983878604868,5.075261498976733e-05,-0.0003711349003000483
-0.5498531098247985,-1.303118450280023,-0.0005062755389294819,0.0013407717724316418
-0.5485561080254454,0.17638171312092446,0.0005493661767504006,-0.0017950509202874618
-0.5933765035524654,-0.7113184297997591,0.0011902992414070117,-0.0005004276906837288
-0.7632333036338723,-1.4697675506396497,0.00047605646591807537,0.0008479137104395307
0.38269062912883645,0.8228376795334975,-0.0008147245823539432,0.0006708276656799947
-1.0946390639774242,-0.19734192477994533,-0.0005315880260625,0.0009794116424401693
-0.577709925393511,-0.46034371124888135,-0.0006296968492106072,-0.0012113401578181713
1.3474978209962438,0.45570115859864185,0.000602069013271358,-0.0004007658008920653
0.14794672981629758,-0.011878470601576901,0.0002695833931302346,0.0004817369695163105
-0.9230294578143095,-1.567231635358734,-0.0007089680876970629,0.0015372422065113248
0.20992591643742375,0.19943748039785633,0.0001857886788335441,0.0017411819182138433
1.225703463713613,2.0721645347620132,-0.0013086373553920661,-0.0011042814747882891
-1.672806597168971,-2.3571688766147436,0.00022537553006775641,0.00017668511055617735
0.25676152609975605,0.1943102568111462,-0.0010361220291422461,0.0013593598980415538
0.5688138969611647,1.2766932715444266,8.747560181805755e-05,-0.0009849336114823295
-1.1093711189167876,-1.1429613816050226,-0.0011852138148839091,-0.001362668990923548
0.335131202127951,0.23431234535779066,-0.0007855224926415686,-2.509132450984232e-05
-0.5457330697044126,-1.222597302278524,-0.000355142441163467,0.00014057037191081792
0.5644207169782447,1.4439262647297906,-0.00037050039224676963,0.0008942426588529309
0.7561054665227305,0.062083644163693275,0.0002009443661920188,0.000287928895722037
-2.031029159861861,-1.4107207858954567,-0.0004965134165199974,-3.304315207259461e-05
0.4806547284943291,-0.18815607755362235,-0.0012070491118715886,0.00018258047378626026
-0.04761863613019113,0.4742544993826662,-0.0011228294247000508,0.002953214315329219
0.8894639311020214,0.7492383091137064,-0.0009074332688697614,0.00020862441537694058
-0.2728309457441506,-0.8845767555035051,-0.0027121137183959867,0.0002824829873695958
-0.5113838401653976,-0.5776899671279331,0.002114354966847301,0.0015003958672089865
-1.0145827819656683,-0.4879307833958869,-1.563457374487881e-05,-0.0008695156166680512
2.2108422198381286,1.7467235327893251,0.0015474444749890835,0.0005592843987302909
0.9354441974600949,1.5104807953408959,-0.00036940290560708077,0.00032772349146734797
0.8928465440598866,0.7478809736680634,-0.00023752973961529308,0.0015531707225022902
-0.5475421621098125,0.27220003729571496,0.00025956007289162605,-0.00019643893937729603
-1.6952586765632687,-1.3579783957720823,0.001232956212161056,0.00010427664156051888
-0.11566131498179127,0.4952379232264281,-0.0005701848767975871,0.0011669021501914023
1.1177439426899616,0.14185635774181682,0.0004932553591407724,0.00033061392485241606
0.335418354298472,0.4590616629047082,3.8870817652662434e-05,-0.0002961187115042691
0.45723947592552017,1.0055017684594294,0.0004479260857426694,0.0021522395657137335
-0.7375263979930253,-0.1886748424874259,-0.0010690716520758954,-0.000836562764161215
-1.1117810647094102,0.05731591383647927,0.0009507487213683273,0.0004829628280262379
1.1583057018238556,1.348638633483247,0.00025834046230255965,-0.00021881682364749294
0.0025434649571702272,-0.8331703327707599,-0.0006034883645958323,5.3708837425190744e-05
1.7871951922362452,1.326710738953835,-0.0010631705231086968,-0.0025061534787233627
-0.37043495765259327,0.03296967701564596,0.0008339307465475081,-0.000900770135714781
-0.663098874301165,-0.6824948057312493,-0.00013048181232807902,-0.0003378163189059017
-1.0857054405132436,-0.34669524611885755,0.0005022947006234275,8.870090236199357e-05
0.8824912672541513,1.0356054740107472,-0.0007208144461219548,0.0002551087111402637
0.7717433060965614,-0.40764046764916,-0.0017892153643983394,-0.0002041443694288001
0.4310571768518149,0.6785886435381645,0.0008178071953974272,0.0008584557415162928
1.733282684278332,1.6356235931631042,-1.4531057811979347e-05,-0.001250677272496852
-0.15841943943043402,-0.2158260442665436,0.000622733215602254,-0.00017962061470007935
0.3819952184899401,-0.20436253928768555,0.0020055272591142158,-0.0002489193667006136
0.9580946778209056,0.41749110909794407,0.001482298075066413,0.0010259488645051327
-0.7592672214410204,-0.5313561057327297,-0.0006063081773334786,5.014660716033934e-05
-0.2305582286376623,-0.6688025254009377,0.001257961772350084,0.0011385049430901336
-0.06329884846610989,-0.395355869218353,-0.0004734170181700503,0.0007828538030879989
-3.0812051377452727,-2.322893186236045,-0.00012556325039876355,-0.0013126336925611158
-0.5085173416364106,0.22700221563233156,0.0018791443104358206,0.0009721240091602039
1.2269350431965127,1.8243515717625396,-0.002690790143310475,-0.0013419354263161383
-0.3694965106988351,-1.3429102683037208,0.0009325761237198745,-0.0013192877609736209
-0.17875364689852064,-1.0520707381598635,0.00022365674883823746,-0.0003038824023935984
-0.6890756537978817,-0.7939576626048452,0.0004918122268709431,-0.0005193643324252947
-0.7199369546942747,-0.5017687958784379,-0.0002172232520064577,0.0027493518517950357
-0.2663033386463541,-0.6456771670553128,0.0005405140145552758,-0.0014595535330356086
-0.16582453492395122,-0.09463550478117093,0.0004091799294126812,0.0005482614810916905
1.713793450377045,0.7587004743548398,0.0004102700052225654,-0.0004077914107383479
-0.5640677389880882,-0.7004741665793977,-0.00015680431200488783,-3.011580051809508e-06
0.07802371936209718,-1.3797185809093278,-0.0006089108370554771,0.0015346975069491721
-0.13706078169479768,-0.3030079015435844,0.0007742789217217773,0.0012203978488079098
0.8274769584786263,0.3637938175958967,0.0006260795100475237,-0.0001261788722800627
1.3697465519833671,1.0876637844709929,0.0003399118088526297,0.00040533772002760977
-0.954713432713367,-0.7477271006457273,-0.00034586555030941923,0.0008600791099101932
-0.3883203413364775,-0.024893850314393978,-0.000554020293655481,-0.0011390816211830387
0.8218039573750373,1.441575331518512,-0.0005718022198516409,-0.000949886310361709
-0.20835148231417555,-1.3812241357472272,8.063376902053052e-06,-0.0005155297857208407
1.3723494413445045,1.1583078438277203,-0.0003377990282374424,-7.957129986466562e-05
-0.6177555504152602,-1.167851665338182,-0.0016856258576993831,-0.0003770101394084059
-0.730310641377092,0.9415962327966173,0.0002744099571917808,-0.0015847287919277659
-0.23864310928381,0.7734747915816305,0.0013890966640779548,-0.0012674862504103818
-0.9042486231821141,-1.645972210335748,-0.0009445719830182839,-0.0006040525495503303
0.31917743870931564,-0.17289282504743309,0.0003838022131283446,0.0007402742165569973
-0.06287837761916917,0.5286074217491046,0.0007283428620766175,-0.0002565939685200768
1.0464013686560867,1.250935764358338,-0.0012238313838904163,0.0011771592882936985
-0.7593675524634025,-0.03366856407610613,-0.002019458035678887,-0.00060591471311687
-0.48125808891577054,-0.540336572704637,0.00016905491468221837,-0.00043550761820030655
0.4877798128193349,-0.9259962825848818,-0.0016475207198392962,-0.0003917334961418566
-0.9956897982838776,-1.2413212017191448,0.0006228977976859564,-0.0009324427130337925
-1.0650403475090668,-1.6646165820569054,0.0009992711969322669,0.0007640678556737644
0.4577470620543277,-0.2685553272993024,-0.000562893156150396,0.0016788006207003035
-0.10200801073465268,-0.5453102594751635,-0.0006441144739687804,0.0014047599724108166
-1.0701882718617652,-0.7090088908250439,-0.0008419191416647565,0.000548320891628023
1.2366511640366822,-0.23127766225580948,-0.0001890289736486719,0.0009274123725308124
0.5511023496975949,1.3416170163504662,0.0016936500422270308,0.0008053192081898871
0.20044293494364038,0.5913879805191584,-0.0004454089843075129,-7.484260082526022e-06
0.3709073720465011,-0.9063233935894353,0.0002617138513544906,-0.000511728233648427
0.5682374289775716,0.860518631738996,-0.0014888667816844046,0.0007047723263637913
-0.06467288008886507,0.5012179421675073,-0.0008404964864049406,0.00015687209506201394
-1.0116003596310579,-1.6572075499550163,-0.0007958154354430125,-0.0005351891831325744
-0.13993934715753645,0.258144325262677,-0.001329687462794411,-0.0023348101788462764
0.20209419881081253,0.7953136351945187,-0.00017811474174492478,-0.0011832144660686068
-0.41831789131460123,-0.40747225696697464,0.0021654720889145176,0.0009043544601937997
-1.3264281729315797,-1.957880903704884,-3.583072445084515e-05,7.683481296287894e-05
-0.5573839811236387,0.1777961793162258,0.0011185460997335593,-0.0005654733647292467
0.740372213389419,-0.2867416242818742,-0.0005412388519208058,-0.00041472069231709833
-0.19420315326950635,-0.4327029121864557,-0.0014160897558308974,-0.00048641812128166154
1.0043028769486284,0.14966375133910648,0.0016843514026516782,-0.001454703311437518
-1.3430692821916606,-0.7734383273027163,-6.221066739222183e-05,0.0005279826666838551
-1.9415556876951463,-2.4623932081645785,0.00012241589284280396,0.0010708506512010036
1.339540002540752,-0.2968122150970839,0.00134566730746051,-0.00021364711105739434
1.3428254938180224,1.1089875430446479,-0.0016191474312947877,0.0003907588138964843
-0.45400634081869606,-1.1501970398176307,0.0007271925130913706,-0.0007435825789874625
0.7601303306306235,-0.07765420509896964,0.00014935462410904676,0.001649544474169848
-0.13870989619704807,-0.08598435689212533,-0.0004250028178269488,-0.0004972781218784627
-0.09043207635960121,-0.4187962939257538,-0.0020202790781660815,0.00032791619498811613
-0.16772424648164558,-0.06162970248575171,0.0011445128882757363,0.000564591165371113
-0.5361589731738626,-0.7634331062951578,0.0014072986149550786,-0.0003698886481407746
0.5740712750149878,-0.6794797930992602,0.0002247993806277713,-0.0016428240729843926
1.2158186986836772,0.9715869873406277,0.000582448572875919,0.0008858051336972165
1.6166465335671039,0.6223617263307164,-0.0004545140646029955,0.00017429428627069692
1.0763200078351354,0.3277859417209796,-0.0004724270866063445,-0.0005177363960302699
0.48223082639146875,-0.17007748443361978,0.0007958248794528494,0.0006877176763152456
0.21011697601260843,0.6612918735250437,-0.0007864780885905298,-0.00017887099495035024
-0.2457541957127442,-1.0310753461702191,-0.00011691151278399431,-0.0013757000608843391
-0.16995329357037456,0.5096640498160543,-7.665022981350257e-05,-0.0008891976926590617
0.5273113103375355,1.3549202970104943,-0.0005150798096811999,-0.0004889810381156078
0.5777977163251496,-0.7790461211417407,-0.0002242512192780454,0.0006160886536178182
-1.5241234814108269,-1.0763418699387257,0.0009666441721244687,0.00039107714993949174
-1.5800064014511466,-1.9309209491791595,-0.001674623844780909,0.0006710047153081591
2.1859038447925303,0.40450985896135405,-0.0014454934809268226,0.000642087325577272
-0.7736470768012288,-0.7638517090477444,0.0007038656912477098,-0.0012318011433450503
-0.7822369298530898,0.01529323877467964,0.0005812479896164367,-0.00037016091422548077
-1.4850374376303823,-0.7470233212935627,0.0005931638284543374,0.0005259132217720337
0.33136408725619404,1.4776459860023552,0.000701311984836972,0.0009680576174057841
1.1449951577691933,1.0825643901630757,-2.1681203992684616e-05,-0.0024523103190497485
0.24397218090574443,-0.19871710208339594,0.0014163230096224998,-4.562589962929058e-05
-0.040524211214276934,-0.3864545222768522,-0.0008584402259966521,0.0011710211021017333
1.949568624265826,2.509519515836375,0.00029079397920408367,0.0017022240158402805
-1.0361802784144056,-2.5678643191457806,-0.0006567847642552788,0.0005350847733613493
-0.8881351631075369,-0.8380893625081535,0.00022117222410757405,-0.0005568749635200463
1.0061395192509588,0.31315554021548836,-0.0008969382102253807,-0.0012996954218734908
-2.408792021917825,-1.7642560396833624,0.0013060525743272698,-1.6177817488095463e-06
-0.99687745216615,-1.0778406984636364,-0.0005022072815120341,0.0008936848156031558
0.12448875212823549,-0.08453518064477936,0.0017071646853722591,-0.00039710113716662026
-0.475598212534571,0.1501796679532568,-0.00011182828904728382,-0.0007742796256851568
0.9882459580423802,-0.524413891945058,0.0015340726191921657,0.00012575747073406682
-0.03526147656323542,1.1917073624099372,0.00027717509537203986,-0.0017573924813933785
0.4967199208411029,0.29657435642683544,-0.0010485472599641127,0.00037713587021944627
-0.9392205886397786,-0.04845136174704545,0.0008705688238289373,0.00032876578298177557
0.17946645033414277,-1.4198008279136778,0.0011399459593400432,0.0005235817808142231
-0.01563414835089244,-0.5978420208309636,0.0016298737833836503,-0.0009505255061759944
-0.8226314103355485,-1.482475400942001,-0.001521696432286183,-0.0009424155102042695
0.7133299092626222,0.9885470844114149,0.00029622651462724687,-0.0005807758036629887
-1.4345846566207976,-1.7896337795363282,-0.0010581714241053636,-0.0004886137257224993
-1.1871438814993849,-0.8751101535769759,-4.11614349570896e-06,-0.0008488696256699626
0.01077202591211529,-0.34930263660118677,-0.0005947099815569798,0.0016519140440025065
0.24121889899403698,-0.9613720566755607,-0.0018646836801024017,-0.0004905729056720525
0.2411950698951954,0.6396292921559716,-0.00023904115452608507,0.0009636669892251707
0.27913610420419804,-1.2006832721891807,2.6436484871863853e-05,-0.0007484612711862323
-0.9325877242798462,0.4707169172121857,0.00013115549288375027,-0.0014427078274444087
0.31581907985379193,0.20325095405183138,-0.0009528707172628443,0.0006503461262499723
-2.214123505261813,-1.518160787351381,-0.0008418809742115487,0.0009150020609216832
1.9804407105961037,0.695504999598272,0.001340266371943643,-0.0007114505017430775
-0.1382611914386921,-1.3507659933377565,2.6832688767492236e-05,-0.0015451442910242403
-1.145805587547728,-2.4976102991854345,0.0005835723730401152,-0.0016738332877348071
-0.6140565200790461,-0.839747733254069,-0.002102603256266672,-0.00027618500255248006
0.5132127665532706,1.3759363780688494,-0.00041902933841303676,-0.0012738647845171023
0.6098336581407813,0.26611222186645966,0.0012992141673328138,-0.0007660402874017043
-0.4545261896683231,-0.8028256895309643,-0.0008928831324364647,0.00011422559744048277
-0.17860746844918107,1.2078960129057248,-0.00046508280252341476,-0.0017266576686854438
-0.00365227851580051,0.011124491790824243,-0.00012477783505581745,5.3873894091853665e-05
-1.5518078403076805,-0.955685351138374,0.0016009572706089882,-0.0011804702134056708
-0.6501321392697453,-0.7431083943844051,-0.0009895443561886066,-0.000662593502799955
-0.8451138635420692,-0.9709895068857987,-0.0007568493387673448,-0.0010483986344233614
-0.12521103429087094,-0.56320213920447,0.0017277056578065546,0.0007575960083648632
-1.0753533875786467,-2.141721531009631,-0.0006687550133760911,-0.00015185607871760358
-0.590837999308283,-0.7530655188814526,0.0003624625623531736,-0.00047764709625977206
-1.2230373493489177,0.5947173360223319,-0.0013904561407266352,0.0017906984830262651
-0.13182973668378167,0.13833074045554075,-0.000622634881390773,0.0013012541619569782
-0.06494833160568264,0.35158771136911027,2.45806169032274e-05,0.00021710309176826273
0.8800556182437758,0.2592677484431643,0.0016625855290617038,3.379051297918274e-05
2.320119887393817,2.1341996806016197,-0.0006475837369089611,0.00027755370176852355
0.18935731380503906,0.8642420711999002,-0.0004339449121631723,-0.0014731212068042241
0.29169625597225024,1.165401984058948,-0.000961861820871098,-0.0011441694690416497
-0.15406870240384776,0.05064998899276684,0.0014233365394223823,-0.0001655811638397596
0.7409397795328994,2.433510803568586,0.0003223852773927987,0.0005474376757874307
0.21344627733615285,0.38937672609460516,0.00024067594525052264,0.0009250297832379857
-0.48928643550621,0.023838164713643084,0.00038251638423597773,0.0009375942088283567
0.2197424449222929,-1.238867190522157,0.0016873841285009745,-0.0008309278348868395
-0.35951986538847774,0.2010968911948283,-0.0019052017139787884,-0.0006333672876732673
0.34552537012702006,-0.6607729276634833,0.000393428121985167,-0.0019869245748067913
0.564956472580134,0.9503638789343837,-0.0003979412612524002,-0.0005713745347840111
-0.5466865435239288,-0.9213585403362207,0.0004091352334594269,0.00042812412428484494
0.9525896230273825,0.9741195615639252,0.001410999295534781,-0.0009070091342259386
-0.10966403105143195,-0.05420661859078235,0.0017234663977721216,-0.00014673702307263308
0.1516385530552586,-0.24882114366537703,-0.0006222815395479013,0.0006701926515313438
0.20395465049921518,-0.8274717283025752,-0.0002729789600847083,-0.0005041643033125892
-0.7875046654833916,-0.13238900965551392,-0.0005199669748960271,-4.575972216726122e-05
1.8259577526697142,1.191085448239006,-9.380424817443508e-05,-0.0009929171689741516
0.38615632099370345,1.4579797247261779,0.0007809517408647546,-0.001917483406151034
-0.004515565964377619,0.00811863654982503,-0.0007906645590883967,-0.0007145263122723168
0.18424092653380927,0.5319308209928899,-0.0007595807918888776,2.037017283516024e-05
-0.4435206241067867,-0.5693836434363609,0.0002594044927339403,-0.0010342711885925181
-0.5451221402368744,1.2630880123284653,0.0017234871940054498,0.001639985502567817
1.2335868545054407,1.067019743327066,-0.00013302626918590724,0.0016445599542131162
0.7156717473264419,0.13068613103517024,0.0007002819243805768,-0.0016149298875350786
-1.112921525244046,-0.6766587669652617,0.001128944647933929,-0.00044856882938911093
0.021837499589527944,0.09512475877486487,-0.00034395128631007445,-0.0008143579690047587
0.09375032326096182,0.030341527273546068,-0.0011582811015251164,0.0009600835042881449
0.5269394008558188,-0.7868647050994726,0.0004754117338993862,-0.0016597686396332013
0.30076040471275467,-0.04699048390431301,0.00032716685385537073,0.0005255791545129814
-0.7980810780904637,-1.598919151109383,-0.00022830347292116088,-0.00014411467108957728
-0.3901963056506297,1.8976293199291991,-0.00033393418921525515,-0.0011402292805860494
-0.6367315073485363,-0.29223714786458965,-0.00038498108788686034,-0.0011174522002174356
-1.8888333796283152,-1.0651919088890334,0.0016096470233246184,0.0002281423037072878
-1.2095038067340378,-0.44094930012774997,0.000838837753468775,-0.0011819800556291222
-0.8139669645137111,-0.8389858835909755,0.0012514770668213028,0.0006681380931986353
-1.1448829585026319,0.007978570511043004,-0.0006929295985602189,0.00028320517364577216
1.6339738923239437,1.5083167343275306,-0.0006203931861313646,-0.00024833939016511526
0.2695302085480509,0.4758368036452808,0.00043042512067098456,-0.0020028274401503437
0.7511635399971144,-0.2569710293242168,0.0007508726989676506,-0.0006443584773318093
0.31726540707003126,0.7452997428985842,-0.00012205963544779203,0.0005533471282403484
-1.6568661391598867,-1.621790039773482,-0.0007183806839787176,-2.6719901200987495e-05
1.6856976436058075,0.1858278443660698,-0.0009036775793519835,-0.0006036540332306642
0.6112821919588016,0.29819217102675083,-0.0010617058265487028,0.0002031767535409328
-1.6021832334869996,-2.145501727632683,0.000807258552349777,0.0004322590570394299
-0.18382608062091654,-2.0345266446396,0.00017482237544902787,-6.633226686021764e-05
0.001355809759375548,0.1417332965850545,-0.0017992264217477798,-0.00041196834084521563
0.009808968216265423,-0.20796715831255708,-0.00047330533932049795,-0.00025792647488534736
-1.30042908449129,0.3030684170897087,-0.0002496751190992933,-0.0009591244480679076
-0.6632796925833716,-0.494466818636184,0.0003908013392198709,0.0002549337269827483
0.7191492640826183,0.5591242867475542,-0.0022058111181308664,0.0002032544623414669
-0.04844904309558418,1.7693619549059285,-0.00018688232868965671,0.0002458959789096666
